original_string,occurrences,bucket,matched_family,method,score,needs_review,review_status,review_note,split_from
IBM Plex Sans,316,google_fonts,IBM Plex Sans,exact,1.0,no,,,IBM Plex Sans + IBM Plex Mono; IBM Plex Sans + IBM Plex Sans JP; IBM Plex Sans / IBM Plex Mono
Inter,249,google_fonts,Inter,exact,1.0,no,,,Inter + JetBrains Mono
Noto Sans,208,google_fonts,Noto Sans,exact,1.0,no,,,Noto Sans + Noto Sans Display; Noto Sans + Noto Sans Mono; Noto Sans / Noto Sans Display; Noto Sans / Noto Sans Mono
Literata,207,google_fonts,Literata,exact,1.0,no,,,
Source Sans 3,189,google_fonts,Source Sans 3,exact,1.0,no,,,Source Sans 3 + Source Code Pro; Source Sans 3 / Source Code Pro
Source Serif 4,183,google_fonts,Source Serif 4,exact,1.0,no,,,A-OTF Bunkyu Mincho Pr6N + Source Serif 4; Source Serif 4 + Source Code Pro; Source Serif 4 + Source Han Serif JP
Roboto,161,google_fonts,Roboto,exact,1.0,no,,,Roboto + Roboto Mono; Roboto / Roboto Mono
Fira Sans,152,google_fonts,Fira Sans,exact,1.0,no,,,Fira Sans + Fira Mono; Fira Sans / Fira Code
Source Sans Pro,149,google_fonts,Source Sans 3,renamed_family,1.0,yes,approved,Reviewed by Nicole Minoza 2026-08-31; agreed with the flagging as generated,
Noto Serif,148,google_fonts,Noto Serif,exact,1.0,no,,,Noto Serif + Noto Sans Mono; Noto Serif + Noto Serif JP; Noto Serif / Noto Serif Display
Lora,132,google_fonts,Lora,exact,1.0,no,,,
Be Vietnam Pro,128,google_fonts,Be Vietnam Pro,exact,1.0,no,,,
Noto Sans JP,128,google_fonts,Noto Sans JP,exact,1.0,no,,,Noto Sans JP + Noto Sans Mono; Noto Sans JP + Roboto Mono; Noto Sans JP / JetBrains Mono
Nunito,121,google_fonts,Nunito,exact,1.0,no,,,
Minion Pro,109,known_non_google,,known_non_google:Adobe,1.0,no,,,
GFS Didot,107,google_fonts,GFS Didot,exact,1.0,no,,,
PT Serif,106,google_fonts,PT Serif,exact,1.0,no,,,PT Serif + PT Mono
Source Serif Pro,102,google_fonts,Source Serif 4,renamed_family,1.0,yes,approved,Reviewed by Nicole Minoza 2026-08-31; agreed with the flagging as generated,
IBM Plex Serif,90,google_fonts,IBM Plex Serif,exact,1.0,no,,,IBM Plex Serif + IBM Plex Mono
Cormorant Garamond,89,google_fonts,Cormorant Garamond,exact,1.0,no,,,
EB Garamond,87,google_fonts,EB Garamond,exact,1.0,no,,,
Spectral,82,google_fonts,Spectral,exact,1.0,no,,,
Arno Pro,79,known_non_google,,known_non_google:Adobe,1.0,no,,,
Merriweather,75,google_fonts,Merriweather,exact,1.0,no,,,
Rubik,69,google_fonts,Rubik,exact,1.0,no,,,
Quicksand,67,google_fonts,Quicksand,exact,1.0,no,,,
Alegreya,64,google_fonts,Alegreya,exact,1.0,no,,,
GFS Neohellenic,61,google_fonts,GFS Neohellenic,exact,1.0,no,,,
IBM Plex Sans JP,61,google_fonts,IBM Plex Sans JP,exact,1.0,no,,,IBM Plex Sans + IBM Plex Sans JP; IBM Plex Sans JP + IBM Plex Mono
M PLUS Rounded 1c,61,google_fonts,M PLUS Rounded 1c,exact,1.0,no,,,
PT Sans,58,google_fonts,PT Sans,exact,1.0,no,,,
Golos Text,54,google_fonts,Golos Text,exact,1.0,no,,,
Baloo 2,53,google_fonts,Baloo 2,exact,1.0,no,,,
Tazugane Gothic,53,known_non_google,,known_non_google:Morisawa,1.0,no,,,
Zen Maru Gothic,53,google_fonts,Zen Maru Gothic,exact,1.0,no,,,
Source Han Sans,51,google_fonts,Noto Sans JP,known_alias,1.0,yes,approved,Reviewed by Nicole Minoza 2026-08-31; agreed with the flagging as generated,Source Han Sans / Noto Sans CJK
Ubuntu,50,google_fonts,Ubuntu,exact,1.0,no,,,
Gentium Plus,49,google_fonts,Gentium Plus,exact,1.0,no,,,
JetBrains Mono,49,google_fonts,JetBrains Mono,exact,1.0,no,,,Inter + JetBrains Mono; Noto Sans JP / JetBrains Mono
Minion 3,48,known_non_google,,known_non_google:Adobe,1.0,no,,,Hiragino Mincho ProN + Minion 3
Tiempos Text,48,known_non_google,,known_non_google:Klim,1.0,no,,,Yu Mincho + Tiempos Text
IBM Plex Mono,47,google_fonts,IBM Plex Mono,exact,1.0,no,,,IBM Plex Sans + IBM Plex Mono; IBM Plex Sans / IBM Plex Mono; IBM Plex Sans JP + IBM Plex Mono; IBM Plex Serif + IBM Plex Mono
IBM Plex Sans Condensed,47,google_fonts,IBM Plex Sans Condensed,exact,1.0,no,,,
Hiragino Sans,46,unresolved,,unresolved,0.7,yes,,,Hiragino Kaku Gothic / Hiragino Sans; Hiragino Sans + SF Mono; Neue Haas Grotesk Text + Hiragino Sans
Charter,45,unresolved,,unresolved,0.75,yes,,,
Kazimir,44,unresolved,,unresolved,0.667,yes,,,
Freight Text,43,unresolved,,unresolved,0.762,yes,,,
Crimson Pro,41,google_fonts,Crimson Pro,exact,1.0,no,,,
Nunito Sans,41,google_fonts,Nunito Sans,exact,1.0,no,,,
Roboto Condensed,40,google_fonts,Roboto Condensed,exact,1.0,no,,,
Comfortaa,39,google_fonts,Comfortaa,exact,1.0,no,,,
Playfair Display,39,google_fonts,Playfair Display,exact,1.0,no,,,
Public Sans,39,google_fonts,Public Sans,exact,1.0,no,,,
Garamond Premier Pro,38,known_non_google,,known_non_google:Adobe,1.0,no,,,
Lyon Text,38,known_non_google,,known_non_google:Commercial Type,1.0,no,,,
Montserrat,38,google_fonts,Montserrat,exact,1.0,no,,,
Noto Sans Greek,37,google_fonts,Noto Sans,script_suffix_stripped>exact,1.0,yes,approved,Reviewed by Nicole Minoza 2026-08-31; agreed with the flagging as generated,
Open Sans,36,google_fonts,Open Sans,exact,1.0,no,,,
Sabon,36,known_non_google,,known_non_google:Monotype,1.0,no,,,
Kosugi Maru,35,google_fonts,Kosugi Maru,exact,1.0,no,,,
PT Root UI,35,unresolved,,unresolved,0.588,yes,,,
Skolar,35,known_non_google,,known_non_google:Rosetta,1.0,no,,,
Literaturnaya,34,unresolved,,unresolved,0.762,yes,,,
Manrope,34,google_fonts,Manrope,exact,1.0,no,,,
Druk Wide,32,known_non_google,,known_non_google:Commercial Type,1.0,no,,,
Oswald,32,google_fonts,Oswald,exact,1.0,no,,,
Graphik,31,known_non_google,,known_non_google:Commercial Type,1.0,no,,,
Kazimir Text,30,known_non_google,,known_non_google:CSTM Fonts,1.0,no,,,
Neue Haas Grotesk,30,known_non_google,,known_non_google:Monotype,1.0,no,,,
Noto Serif JP,30,google_fonts,Noto Serif JP,exact,1.0,no,,,Noto Serif + Noto Serif JP
Source Code Pro,30,google_fonts,Source Code Pro,exact,1.0,no,,,Source Han Sans JP + Source Code Pro; Source Han Sans JP / Source Code Pro; Source Sans 3 + Source Code Pro; Source Sans 3 / Source Code Pro; Source Serif 4 + Source Code Pro
BIZ UDPGothic,29,google_fonts,BIZ UDPGothic,exact,1.0,no,,,
Baskerville,29,unresolved,,generic_historical_name,1.0,yes,approved,Reviewed by Nicole Minoza 2026-08-31; agreed with the flagging as generated,
Roboto Mono,28,google_fonts,Roboto Mono,exact,1.0,no,,,Noto Sans JP + Roboto Mono; Roboto + Roboto Mono; Roboto / Roboto Mono; Roboto Serif + Roboto Mono
Freight Text Pro,27,known_non_google,,known_non_google:Darden Studio,1.0,no,,,Tsukushi Mincho + Freight Text Pro
Lexend,27,google_fonts,Lexend,exact,1.0,no,,,
Shippori Mincho,27,google_fonts,Shippori Mincho,exact,1.0,no,,,
UD Shin Go,27,unresolved,,unresolved,0.667,yes,,,
Libertinus Serif,26,google_fonts,Libertinus Serif,exact,1.0,no,,,Libertinus Serif + Libertinus Mono
Skolar PE,26,known_non_google,,known_non_google_variant:Rosetta,1.0,no,,,
Yu Mincho,26,known_non_google,,known_non_google:Jiyukobo,1.0,no,,,Yu Mincho + Tiempos Text
PF DIN Text Pro,25,known_non_google,,known_non_google:Parachute,1.0,no,,,
Bebas Neue,24,google_fonts,Bebas Neue,exact,1.0,no,,,
Druk,24,known_non_google,,known_non_google:Commercial Type,1.0,no,,,
Hiragino Mincho,24,unresolved,,unresolved,0.75,yes,,,
Noto Sans CJK JP,24,google_fonts,Noto Sans JP,known_alias,1.0,yes,,,
Source Han Serif,24,google_fonts,Noto Serif JP,known_alias,1.0,yes,approved,Reviewed by Nicole Minoza 2026-08-31; agreed with the flagging as generated,Source Han Serif / Noto Serif CJK
TP Mincho,24,known_non_google,,known_non_google:Type Project,1.0,no,,,
Zen Kaku Gothic New,24,google_fonts,Zen Kaku Gothic New,exact,1.0,no,,,Zen Kaku Gothic New / HackGen
Alegreya Sans,23,google_fonts,Alegreya Sans,exact,1.0,no,,,
Lazurski,23,unresolved,,unresolved,0.615,yes,,,
Helvetica Now,22,known_non_google,,known_non_google:Monotype,1.0,no,,,
Klee One,22,google_fonts,Klee One,exact,1.0,no,,,
Adobe Caslon Pro,21,known_non_google,,known_non_google:Adobe,1.0,no,,,
Plantin,21,known_non_google,,known_non_google:Monotype,1.0,no,,,
Space Grotesk,21,google_fonts,Space Grotesk,exact,1.0,no,,,
Vollkorn,21,google_fonts,Vollkorn,exact,1.0,no,,,
Yu Gothic,21,known_non_google,,known_non_google:Jiyukobo,1.0,no,,,
Hiragino Mincho ProN,20,known_non_google,,known_non_google:Screen,1.0,no,,,Hiragino Mincho ProN + Minion 3
Noto Sans Condensed,20,google_fonts,Noto Sans,width_suffix_stripped>exact,1.0,no,,,
Roboto Serif,20,google_fonts,Roboto Serif,exact,1.0,no,,,Roboto Serif + Roboto Mono
STIX Two Text,20,google_fonts,STIX Two Text,exact,1.0,no,,,
Source Han Sans JP,20,google_fonts,Noto Sans JP,known_alias,1.0,yes,approved,Reviewed by Nicole Minoza 2026-08-31; agreed with the flagging as generated,Source Han Sans JP + Source Code Pro; Source Han Sans JP + Source Han Mono; Source Han Sans JP / Source Code Pro
Univers,20,known_non_google,,known_non_google:Monotype,1.0,no,,,
Andika,19,google_fonts,Andika,exact,1.0,no,,,
Archivo,19,google_fonts,Archivo,exact,1.0,no,,,
Barlow,19,google_fonts,Barlow,exact,1.0,no,,,
Brill,19,unresolved,,unresolved,0.615,yes,,,
Fedra Serif,19,known_non_google,,known_non_google:Typotheque,1.0,no,,,
Garamond,19,unresolved,,generic_historical_name,1.0,yes,approved,Reviewed by Nicole Minoza 2026-08-31; agreed with the flagging as generated,
Newsreader,19,google_fonts,Newsreader,exact,1.0,no,,,
Anton,18,google_fonts,Anton,exact,1.0,no,,,
Atlas Grotesk,18,known_non_google,,known_non_google:Commercial Type,1.0,no,,,
Suisse Int'l,18,known_non_google,,known_non_google:Swiss Typefaces,1.0,no,,,
Atkinson Hyperlegible,17,google_fonts,Atkinson Hyperlegible,exact,1.0,no,,,
Commissioner,17,google_fonts,Commissioner,exact,1.0,no,,,
Fredoka,17,google_fonts,Fredoka,exact,1.0,no,,,
Barlow Condensed,16,google_fonts,Barlow Condensed,exact,1.0,no,,,
Dela Gothic One,16,google_fonts,Dela Gothic One,exact,1.0,no,,,
Frutiger,16,known_non_google,,known_non_google:Monotype,1.0,no,,,
Monument Extended,16,known_non_google,,known_non_google:Pangram Pangram,1.0,no,,,
Noto Serif Greek,16,google_fonts,Noto Serif,script_suffix_stripped>exact,1.0,yes,approved,Reviewed by Nicole Minoza 2026-08-31; agreed with the flagging as generated,
Optima,16,known_non_google,,known_non_google:Monotype,1.0,no,,,
Bembo,15,known_non_google,,known_non_google:Monotype,1.0,no,,,
DIN Next,15,known_non_google,,known_non_google:Monotype,1.0,no,,,
Fira Sans Condensed,15,google_fonts,Fira Sans Condensed,exact,1.0,no,,,
Formular,15,unresolved,,unresolved,0.7,yes,,,
Founders Grotesk,15,known_non_google,,known_non_google:Klim,1.0,no,,,
GT America,15,known_non_google,,known_non_google:Grilli Type,1.0,no,,,
M PLUS 1p,15,google_fonts,M PLUS 1p,exact,1.0,no,,,
Mercury Text,15,known_non_google,,known_non_google:Hoefler & Co,1.0,no,,,
Neue Machina,15,known_non_google,,known_non_google:Pangram Pangram,1.0,no,,,
PT Mono,15,google_fonts,PT Mono,exact,1.0,no,,,PT Serif + PT Mono
Poppins,15,google_fonts,Poppins,exact,1.0,no,,,
Söhne,15,unresolved,,unresolved,0.75,yes,,,
Canela,14,known_non_google,,known_non_google:Commercial Type,1.0,no,,,
DIN 2014,14,known_non_google,,known_non_google:ParaType,1.0,no,,,
Noto Sans Mono,14,google_fonts,Noto Sans Mono,exact,1.0,no,,,Noto Sans + Noto Sans Mono; Noto Sans / Noto Sans Mono; Noto Sans JP + Noto Sans Mono; Noto Serif + Noto Sans Mono
Roboto Flex,14,google_fonts,Roboto Flex,exact,1.0,no,,,
Akkurat,13,known_non_google,,known_non_google:Lineto,1.0,no,,,
Archivo Black,13,google_fonts,Archivo Black,exact,1.0,no,,,
Charis SIL,13,google_fonts,Charis SIL,exact,1.0,no,,,
FF DIN,13,unresolved,,unresolved,0.571,yes,,,
Georgia,13,unresolved,,unresolved,0.75,yes,,,
IBM Plex Sans Greek,13,google_fonts,IBM Plex Sans,script_suffix_stripped>exact,1.0,yes,approved,Reviewed by Nicole Minoza 2026-08-31; agreed with the flagging as generated,
Kiwi Maru,13,google_fonts,Kiwi Maru,exact,1.0,no,,,
PF Centro Serif Pro,13,unresolved,,unresolved,0.667,yes,,,
Pangolin,13,google_fonts,Pangolin,exact,1.0,no,,,
Source Han Serif JP,13,google_fonts,Noto Serif JP,known_alias,1.0,yes,approved,Reviewed by Nicole Minoza 2026-08-31; agreed with the flagging as generated,Source Serif 4 + Source Han Serif JP
Adobe Garamond Pro,12,known_non_google,,known_non_google:Adobe,1.0,no,,,
Caslon,12,unresolved,,generic_historical_name,1.0,yes,approved,Reviewed by Nicole Minoza 2026-08-31; agreed with the flagging as generated,
Circe,12,unresolved,,unresolved,0.727,yes,,,
Didot,12,unresolved,,generic_historical_name,1.0,yes,approved,Reviewed by Nicole Minoza 2026-08-31; agreed with the flagging as generated,
Hiragino Kaku Gothic,12,unresolved,,unresolved,0.647,yes,,,Hiragino Kaku Gothic / Hiragino Sans
Mulish,12,google_fonts,Mulish,exact,1.0,no,,,
Noto Serif CJK JP,12,google_fonts,Noto Serif JP,known_alias,1.0,yes,approved,Reviewed by Nicole Minoza 2026-08-31; agreed with the flagging as generated,
CoFo Sans,11,unresolved,,unresolved,0.75,yes,,,
DM Sans,11,google_fonts,DM Sans,exact,1.0,no,,,
Exo 2,11,google_fonts,Exo 2,exact,1.0,no,,,
Helvetica Neue,11,known_non_google,,known_non_google:Monotype,1.0,no,,,
Iosevka,11,unresolved,,unresolved,0.7,yes,,,
Kozuka Mincho,11,unresolved,,unresolved,0.696,yes,,,
Lato,11,google_fonts,Lato,exact,1.0,no,,,
PT Sans Narrow,11,google_fonts,PT Sans Narrow,exact,1.0,no,,,
Pitch,11,known_non_google,,known_non_google:Klim,1.0,no,,,
Varela Round,11,google_fonts,Varela Round,exact,1.0,no,,,
AXIS Font,10,unresolved,,unresolved,0.667,yes,,,
Aptos,10,known_non_google,,known_non_google:Microsoft,1.0,no,,,Aptos + Aptos Mono
Fedra Sans,10,known_non_google,,known_non_google:Typotheque,1.0,no,,,
Impact,10,known_non_google,,known_non_google:Monotype,1.0,no,,,
Knockout,10,known_non_google,,known_non_google:Hoefler & Co,1.0,no,,,
Morisawa UD Shin Go,10,unresolved,,unresolved,0.538,yes,,,
Tsukushi A Round Gothic,10,unresolved,,unresolved,0.588,yes,,,
Tsukushi Mincho,10,unresolved,,unresolved,0.667,yes,,,Tsukushi Mincho + Freight Text Pro
Academy,9,unresolved,,unresolved,0.615,yes,,,
Acumin Pro,9,known_non_google,,known_non_google:Adobe,1.0,no,,,
Avenir Next,9,known_non_google,,known_non_google:Monotype,1.0,no,,,
Fira Code,9,google_fonts,Fira Code,exact,1.0,no,,,Fira Sans / Fira Code
Fira Mono,9,google_fonts,Fira Mono,exact,1.0,no,,,Fira Sans + Fira Mono
Fraunces,9,google_fonts,Fraunces,exact,1.0,no,,,
Kozuka Gothic Pro,9,known_non_google,,known_non_google:Adobe,1.0,no,,,
Palatino Linotype,9,known_non_google,,known_non_google_variant:Monotype,1.0,no,,,
Piazzolla,9,google_fonts,Piazzolla,exact,1.0,no,,,
Sabon Next,9,known_non_google,,known_non_google:Monotype,1.0,no,,,
Sassoon Primary,9,unresolved,,unresolved,0.545,yes,,,
Shorai Sans,9,unresolved,,unresolved,0.737,yes,,,
Skolar Greek,9,known_non_google,,script_suffix_stripped>known_non_google:Rosetta,1.0,yes,,,
TT Norms Pro,9,unresolved,,unresolved,0.636,yes,,,
Trade Gothic Next,9,known_non_google,,known_non_google:Monotype,1.0,no,,,
Trajan,9,unresolved,,unresolved,0.714,yes,,,
A-OTF Ryumin Pr6N,8,known_non_google,,known_non_google:Morisawa,1.0,no,,,A-OTF Ryumin Pr6N + Adobe Text Pro
Cardo,8,google_fonts,Cardo,exact,1.0,no,,,
Druk Cyr,8,known_non_google,,known_non_google:Commercial Type,1.0,no,,,
LINE Seed JP,8,google_fonts,LINE Seed JP,exact,1.0,no,,,LINE Seed JP + Commit Mono; LINE Seed JP / UDEV Gothic
Libre Baskerville,8,google_fonts,Libre Baskerville,exact,1.0,no,,,
Noto Serif Condensed,8,google_fonts,Noto Serif,width_suffix_stripped>exact,1.0,no,,,
Old Standard TT,8,google_fonts,Old Standard TT,exact,1.0,no,,,
Oranienbaum,8,google_fonts,Oranienbaum,exact,1.0,no,,,
PF Din Text Pro,8,known_non_google,,known_non_google:Parachute,1.0,no,,,
Palatino,8,known_non_google,,known_non_google:Monotype,1.0,no,,,
Sora,8,google_fonts,Sora,exact,1.0,no,,,
Times New Roman,8,unresolved,,unresolved,0.667,yes,,,
Tungsten,8,known_non_google,,known_non_google:Hoefler & Co,1.0,no,,,
Akzidenz-Grotesk,7,known_non_google,,known_non_google:Berthold,1.0,no,,,
Chakra Petch,7,google_fonts,Chakra Petch,exact,1.0,no,,,
Eurostile Bold Extended,7,unresolved,,unresolved,0.605,yes,,,
GT Sectra,7,unresolved,,unresolved,0.75,yes,,,
Gill Sans,7,unresolved,,unresolved,0.667,yes,,,
Lexie Readable,7,unresolved,,unresolved,0.571,yes,,,
M PLUS 1 Code,7,google_fonts,M PLUS 1 Code,exact,1.0,no,,,M PLUS 1 + M PLUS 1 Code; M PLUS 2 / M PLUS 1 Code
Miller Text,7,known_non_google,,known_non_google:Font Bureau,1.0,no,,,
Monument Grotesk,7,known_non_google,,known_non_google:Pangram Pangram,1.0,no,,,
Noto Sans Display,7,google_fonts,Noto Sans Display,exact,1.0,no,,,Noto Sans + Noto Sans Display; Noto Sans / Noto Sans Display
Noto Serif Display,7,google_fonts,Noto Serif Display,exact,1.0,no,,,Noto Serif / Noto Serif Display
Onest,7,google_fonts,Onest,exact,1.0,no,,,
Plus Jakarta Sans,7,google_fonts,Plus Jakarta Sans,exact,1.0,no,,,
Soyuz Grotesk,7,known_non_google,,known_non_google:type.today,1.0,no,,,
Tinos,7,google_fonts,Tinos,exact,1.0,no,,,
Trajan Pro,7,unresolved,,unresolved,0.667,yes,,,
Univers Next,7,known_non_google,,known_non_google:Monotype,1.0,no,,,
Acumin Pro Condensed,6,known_non_google,,known_non_google:Adobe,1.0,no,,,
Averta,6,known_non_google,,known_non_google:Intelligent Foundry,1.0,no,,,
Bembo Book,6,known_non_google,,known_non_google:Monotype,1.0,no,,,
Canela Text,6,known_non_google,,known_non_google_variant:Commercial Type,1.0,no,,,
Equity,6,unresolved,,unresolved,0.545,yes,,,
Fredoka One,6,unresolved,,unresolved,0.824,yes,,,
GT Pressura,6,known_non_google,,known_non_google:Grilli Type,1.0,no,,,
Gill Sans Infant,6,unresolved,,unresolved,0.593,yes,,,
Hiragino Kaku Gothic ProN,6,known_non_google,,known_non_google:Screen,1.0,no,,,
Neucha,6,google_fonts,Neucha,exact,1.0,no,,,
Neue Haas Grotesk Text,6,known_non_google,,known_non_google_variant:Monotype,1.0,no,,,Neue Haas Grotesk Text + Hiragino Sans
PF DIN Text Condensed,6,known_non_google,,known_non_google:Parachute,1.0,no,,,
PF Regal Text Pro,6,known_non_google,,known_non_google_variant:Parachute,1.0,no,,,
PT Serif Pro,6,unresolved,,unresolved,0.824,yes,,,
Petersburg,6,unresolved,,unresolved,0.556,yes,,,
Pragmatica,6,known_non_google,,known_non_google:ParaType,1.0,no,,,
Recursive,6,google_fonts,Recursive,exact,1.0,no,,,
Requiem,6,unresolved,,unresolved,0.625,yes,,,
Roboto Serif Condensed,6,google_fonts,Roboto Serif,width_suffix_stripped>exact,1.0,no,,,
Saira Condensed,6,google_fonts,Saira Condensed,exact,1.0,no,,,
Space Mono,6,google_fonts,Space Mono,exact,1.0,no,,,
Stapel,6,known_non_google,,known_non_google:Fontwerk,1.0,no,,,
Axis Font,5,unresolved,,unresolved,0.667,yes,,,
Bodoni PT,5,unresolved,,unresolved,0.667,yes,,,
Bricolage Grotesque,5,google_fonts,Bricolage Grotesque,exact,1.0,no,,,
Cera Pro,5,unresolved,,unresolved,0.667,yes,,,
Druk Wide Bold,5,known_non_google,,weight_suffix_stripped>known_non_google:Commercial Type,1.0,no,,,
Eurostile,5,unresolved,,unresolved,0.667,yes,,,
FF DIN Condensed,5,unresolved,,unresolved,0.786,yes,,,
GFS Artemisia,5,unresolved,,unresolved,0.6,yes,,,
GFS Porson,5,unresolved,,unresolved,0.588,yes,,,
Graphik Condensed,5,known_non_google,,width_suffix_stripped>known_non_google:Commercial Type,1.0,no,,,
Iowan Old Style,5,known_non_google,,known_non_google:Bitstream,1.0,no,,,
Noto Sans JP Black,5,google_fonts,Noto Sans JP,weight_suffix_stripped>exact,1.0,no,,,
Noto Sans Vietnamese,5,google_fonts,Noto Sans,script_suffix_stripped>exact,1.0,yes,,,
Obviously,5,known_non_google,,known_non_google:Hoefler & Co,1.0,no,,,
PF Regal Text,5,known_non_google,,known_non_google:Parachute,1.0,no,,,
Pacifico,5,google_fonts,Pacifico,exact,1.0,no,,,
Proxima Nova,5,unresolved,,unresolved,0.632,yes,,,
Proxima Soft,5,unresolved,,unresolved,0.6,yes,,,
Publico Text,5,unresolved,,unresolved,0.636,yes,,,
Roboto Slab,5,google_fonts,Roboto Slab,exact,1.0,no,,,
Roc Grotesk,5,known_non_google,,known_non_google:Sharp Type,1.0,no,,,
Ryumin,5,unresolved,,unresolved,0.667,yes,,,
Suisse Int’l,5,known_non_google,,known_non_google:Swiss Typefaces,1.0,no,,,
Teko,5,google_fonts,Teko,exact,1.0,no,,,
Trade Gothic,5,unresolved,,unresolved,0.696,yes,,,
Warnock Pro,5,unresolved,,unresolved,0.632,yes,,,
A1 Gothic,4,unresolved,,unresolved,0.75,yes,,,
A1 Mincho,4,unresolved,,unresolved,0.778,yes,,,
AXIS Font Japanese,4,unresolved,,unresolved,0.583,yes,,,
Adelle,4,unresolved,,unresolved,0.667,yes,,,
Adobe Jenson Pro,4,unresolved,,unresolved,0.609,yes,,,
Adobe Text Pro,4,known_non_google,,known_non_google:Adobe,1.0,no,,,A-OTF Ryumin Pr6N + Adobe Text Pro
Anonymous Pro,4,google_fonts,Anonymous Pro,exact,1.0,no,,,
Arial,4,known_non_google,,known_non_google:Monotype,1.0,no,,,
Arimo,4,google_fonts,Arimo,exact,1.0,no,,,
Arnhem,4,unresolved,,unresolved,0.769,yes,,,
Avenir,4,known_non_google,,known_non_google:Monotype,1.0,no,,,
Axis Std,4,known_non_google,,known_non_google:Type Project,1.0,no,,,
Bank Gothic,4,unresolved,,unresolved,0.762,yes,,,
Bannikova,4,unresolved,,unresolved,0.706,yes,,,
Bebas Neue Pro,4,unresolved,,unresolved,0.857,yes,,,
Blogger Sans,4,unresolved,,unresolved,0.667,yes,,,
Bungee,4,google_fonts,Bungee,exact,1.0,no,,,
Cabin,4,google_fonts,Cabin,exact,1.0,no,,,
Calluna,4,known_non_google,,known_non_google:exljbris,1.0,no,,,
DIN 2014 Condensed,4,known_non_google,,width_suffix_stripped>known_non_google:ParaType,1.0,no,,,
DIN Pro,4,known_non_google,,known_non_google:FontFont,1.0,no,,,
FF Meta Serif,4,known_non_google,,known_non_google_variant:Monotype,1.0,no,,,
FF Scala,4,unresolved,,unresolved,0.667,yes,,,
FS Me,4,unresolved,,unresolved,0.6,yes,,,
Fedra Serif Greek,4,known_non_google,,script_suffix_stripped>known_non_google:Typotheque,1.0,yes,,,
Freight Sans Pro,4,unresolved,,unresolved,0.667,yes,,,
GT Flexa,4,known_non_google,,known_non_google:Grilli Type,1.0,no,,,
Gentium Book Plus,4,google_fonts,Gentium Book Plus,exact,1.0,no,,,
Geologica,4,google_fonts,Geologica,exact,1.0,no,,,
Ginto,4,known_non_google,,known_non_google:Dinamo,1.0,no,,,
Graphik Cyrillic,4,known_non_google,,script_suffix_stripped>known_non_google:Commercial Type,1.0,yes,,,
Graphik Greek,4,known_non_google,,script_suffix_stripped>known_non_google:Commercial Type,1.0,yes,approved,Reviewed by Nicole Minoza 2026-08-31; agreed with the flagging as generated,
Input Sans Condensed,4,unresolved,,unresolved,0.811,yes,,,
Libre Franklin,4,google_fonts,Libre Franklin,exact,1.0,no,,,
Lobster,4,google_fonts,Lobster,exact,1.0,no,,,
Mali,4,google_fonts,Mali,exact,1.0,no,,,
Meiryo,4,unresolved,,unresolved,0.667,yes,,,
Morisawa A1 Gothic,4,unresolved,,unresolved,0.733,yes,,,
PF Centro Sans Pro,4,known_non_google,,known_non_google:Parachute,1.0,no,,,
PT Sans Caption,4,google_fonts,PT Sans Caption,exact,1.0,no,,,
Plantin Infant,4,known_non_google,,known_non_google_variant:Monotype,1.0,no,,,
Pragmatica Condensed,4,known_non_google,,width_suffix_stripped>known_non_google:ParaType,1.0,no,,,
Red Hat Text,4,google_fonts,Red Hat Text,exact,1.0,no,,,
Russo One,4,google_fonts,Russo One,exact,1.0,no,,,
Saira,4,google_fonts,Saira,exact,1.0,no,,,
Shantell Sans,4,google_fonts,Shantell Sans,exact,1.0,no,,,
Skolar Sans PE Condensed,4,known_non_google,,width_suffix_stripped>known_non_google_variant:Rosetta,1.0,no,,,
Source Han Sans JP Heavy,4,google_fonts,Noto Sans JP,weight_suffix_stripped>known_alias,1.0,yes,approved,Reviewed by Nicole Minoza 2026-08-31; agreed with the flagging as generated,
Suisse Works,4,unresolved,,unresolved,0.533,yes,,,
TT Trailers,4,unresolved,,unresolved,0.588,yes,,,
TT Travels Next,4,unresolved,,unresolved,0.556,yes,,,
Terminus,4,unresolved,,unresolved,0.615,yes,,,
Tiempos Headline,4,unresolved,,unresolved,0.625,yes,,,
Univers Next Condensed,4,known_non_google,,width_suffix_stripped>known_non_google:Monotype,1.0,no,,,
Untitled Sans,4,unresolved,,unresolved,0.727,yes,,,
VAG Rounded,4,unresolved,,unresolved,0.737,yes,,,
Whitney,4,known_non_google,,known_non_google:Hoefler & Co,1.0,no,,,
William Text,4,unresolved,,unresolved,0.727,yes,,,
Work Sans,4,google_fonts,Work Sans,exact,1.0,no,,,
A-OTF Gothic MB101,3,known_non_google,,known_non_google:Morisawa,1.0,no,,,A-OTF Gothic MB101 + A-OTF Gothic MB101 Mono
A-OTF UD Shin Go,3,unresolved,,unresolved,0.636,yes,,,
A-OTF UD Shin Maru Go Pr6N,3,unresolved,,unresolved,0.562,yes,,,
ABC Diatype,3,known_non_google,,known_non_google:Dinamo,1.0,no,,,
AXIS Font Condensed,3,unresolved,,unresolved,0.774,yes,,,
Adelle Cyrillic,3,unresolved,,unresolved,0.56,yes,,,
Aktiv Grotesk,3,unresolved,,unresolved,0.72,yes,,,
Alfa Slab One,3,google_fonts,Alfa Slab One,exact,1.0,no,,,
Asap,3,google_fonts,Asap,exact,1.0,no,,,
Athelas,3,unresolved,,unresolved,0.706,yes,,,
Avenir Next World,3,known_non_google,,known_non_google:Monotype,1.0,no,,,
Axis,3,unresolved,,unresolved,0.6,yes,,,
BIZ UDGothic,3,google_fonts,BIZ UDGothic,exact,1.0,no,,,
BIZ UDMincho,3,google_fonts,BIZ UDMincho,exact,1.0,no,,,
Barlow Condensed Black,3,google_fonts,Barlow Condensed,weight_suffix_stripped>exact,1.0,no,,,
Baskerville Cyrillic,3,unresolved,,unresolved,0.727,yes,,,
Berkeley Mono,3,unresolved,,unresolved,0.636,yes,,,
Bree,3,unresolved,,unresolved,0.8,yes,,,
Castledown,3,unresolved,,unresolved,0.632,yes,,,
Caveat,3,google_fonts,Caveat,exact,1.0,no,,,
Chronicle Text,3,unresolved,,unresolved,0.667,yes,,,
Compacta,3,unresolved,,unresolved,0.615,yes,,,
Cormorant,3,google_fonts,Cormorant,exact,1.0,no,,,
DIN Next Greek,3,known_non_google,,script_suffix_stripped>known_non_google:Monotype,1.0,yes,,,
DNP Shuei Mincho,3,unresolved,,unresolved,0.643,yes,,,
Degular,3,known_non_google,,known_non_google:OH no Type,1.0,no,,,
Didact Gothic,3,google_fonts,Didact Gothic,exact,1.0,no,,,
DotGothic16,3,google_fonts,DotGothic16,exact,1.0,no,,,
Druk Condensed Super,3,known_non_google,,known_non_google_variant:Commercial Type,1.0,no,,,
Elena,3,unresolved,,unresolved,0.667,yes,,,
FF DIN Condensed Black,3,unresolved,,unresolved,0.667,yes,,,
FF Tisa,3,unresolved,,unresolved,0.571,yes,,,
Farnham,3,unresolved,,unresolved,0.615,yes,,,
Favorit,3,known_non_google,,known_non_google:Dinamo,1.0,no,,,
Fedra Sans Condensed,3,known_non_google,,width_suffix_stripped>known_non_google:Typotheque,1.0,no,,,
Fedra Serif Pro,3,known_non_google,,known_non_google_variant:Typotheque,1.0,no,,,
FiraGO,3,known_non_google,,known_non_google:bBox,1.0,no,,,
Founders Grotesk Condensed,3,known_non_google,,width_suffix_stripped>known_non_google:Klim,1.0,no,,,
Foundry Gridnik,3,unresolved,,unresolved,0.571,yes,,,
GFS Bodoni,3,unresolved,,unresolved,0.632,yes,,,
GT Alpina,3,unresolved,,unresolved,0.75,yes,,,
Golos Text Variable,3,unresolved,,unresolved,0.692,yes,,,
Gosha Sans,3,unresolved,,unresolved,0.706,yes,,,
Gothic MB101,3,unresolved,,unresolved,0.737,yes,,,
Grandstander,3,google_fonts,Grandstander,exact,1.0,no,,,
Greta Sans Condensed,3,known_non_google,,width_suffix_stripped>known_non_google:Typotheque,1.0,no,,,
Greta Text,3,unresolved,,unresolved,0.737,yes,,,
Greta Text Greek,3,unresolved,,unresolved,0.583,yes,,,
Halvar Breitschrift,3,unresolved,,unresolved,0.6,yes,,,
Harriet,3,unresolved,,unresolved,0.706,yes,,,
Heinemann,3,unresolved,,unresolved,0.625,yes,,,
Hina Mincho,3,google_fonts,Hina Mincho,exact,1.0,no,,,
Hiragino Sans W9,3,unresolved,,unresolved,0.64,yes,,,
Hoefler Text,3,known_non_google,,known_non_google:Hoefler & Co,1.0,no,,,
IBM Plex Sans JP Bold,3,google_fonts,IBM Plex Sans JP,weight_suffix_stripped>exact,1.0,no,,,
IBM Plex Sans with IBM Plex Mono,3,unresolved,,unresolved,0.683,yes,,,
ITC Charter,3,unresolved,,unresolved,0.696,yes,,,
Ingeborg,3,unresolved,,unresolved,0.667,yes,,,
Inter Variable,3,unresolved,,unresolved,0.6,yes,,,
Jost,3,google_fonts,Jost,exact,1.0,no,,,
Kozuka Gothic Pro L,3,known_non_google,,known_non_google_variant:Adobe,1.0,no,,,
Liberation Sans,3,unresolved,,unresolved,0.857,yes,,,
M PLUS 1,3,google_fonts,M PLUS 1,exact,1.0,no,,,M PLUS 1 + M PLUS 1 Code
Mabry,3,known_non_google,,known_non_google:Colophon,1.0,no,,,
Maison Neue,3,unresolved,,unresolved,0.632,yes,,,
Manrope Variable,3,unresolved,,unresolved,0.636,yes,,,
Minion 3 Variable,3,known_non_google,,known_non_google_variant:Adobe,1.0,no,,,
Minion Pro Condensed,3,known_non_google,,width_suffix_stripped>known_non_google:Adobe,1.0,no,,,
MonoLisa,3,unresolved,,unresolved,0.769,yes,,,
Morisawa Gothic MB101,3,unresolved,,unresolved,0.606,yes,,,
Myriad Pro,3,unresolved,,unresolved,0.667,yes,,,
Neue Frutiger,3,unresolved,,unresolved,0.556,yes,,,
OCR-A,3,unresolved,,unresolved,0.75,yes,,,
OCR-B,3,unresolved,,unresolved,0.667,yes,,,
Octava,3,unresolved,,unresolved,0.667,yes,,,
Onest Variable,3,unresolved,,unresolved,0.636,yes,,,
Open Sans Condensed,3,google_fonts,Open Sans,width_suffix_stripped>exact,1.0,no,,,
PF DIN Text Condensed Pro,3,known_non_google,,known_non_google_variant:Parachute,1.0,no,,,
PF Handbook Pro,3,known_non_google,,known_non_google:Parachute,1.0,no,,,
Publico,3,unresolved,,unresolved,0.706,yes,,,
Raleway,3,google_fonts,Raleway,exact,1.0,no,,,
Roslindale Text,3,unresolved,,unresolved,0.583,yes,,,
SangBleu Empire,3,unresolved,,unresolved,0.56,yes,,,
Sawarabi Gothic,3,google_fonts,Sawarabi Gothic,exact,1.0,no,,,
Sawarabi Mincho,3,google_fonts,Sawarabi Mincho,exact,1.0,no,,,
Shin Go,3,unresolved,,unresolved,0.667,yes,,,
Skolar Latin,3,known_non_google,,script_suffix_stripped>known_non_google:Rosetta,1.0,yes,approved,Reviewed by Nicole Minoza 2026-08-31; agreed with the flagging as generated,
Sofia Sans,3,google_fonts,Sofia Sans,exact,1.0,no,,,
Source Han Sans Heavy,3,google_fonts,Noto Sans JP,weight_suffix_stripped>known_alias,1.0,yes,,,
Source Sans 3 with Source Code Pro,3,unresolved,,unresolved,0.634,yes,,,
TP Sky Condensed,3,unresolved,,unresolved,0.741,yes,,,
TT Chocolates,3,unresolved,,unresolved,0.588,yes,,,
TT Commons Pro,3,unresolved,,unresolved,0.636,yes,,,
TT Firs Neue,3,known_non_google,,known_non_google:TypeType,1.0,no,,,
Tiempos,3,unresolved,,unresolved,0.667,yes,,,
Trade Gothic Bold Condensed,3,unresolved,,unresolved,0.667,yes,,,
Tsukushi A Old Mincho,3,unresolved,,unresolved,0.643,yes,,,
Tsukushi Gothic,3,unresolved,,unresolved,0.643,yes,,,
Tusker Grotesk,3,unresolved,,unresolved,0.72,yes,,,
UD Digi Kyokasho,3,unresolved,,unresolved,0.5,yes,,,
UD Reimin,3,unresolved,,unresolved,0.588,yes,,,
UD Shin Go Heavy,3,unresolved,,unresolved,0.636,yes,,,
Ubuntu Condensed,3,google_fonts,Ubuntu Condensed,exact,1.0,no,,,
Utopia,3,unresolved,,unresolved,0.615,yes,,,
Whitman,3,unresolved,,unresolved,0.571,yes,,,
Zen Kaku Gothic Antique,3,google_fonts,Zen Kaku Gothic Antique,exact,1.0,no,,,
Zen Kurenaido,3,google_fonts,Zen Kurenaido,exact,1.0,no,,,
Zen Old Mincho,3,google_fonts,Zen Old Mincho,exact,1.0,no,,,
Zilla Slab,3,google_fonts,Zilla Slab,exact,1.0,no,,,
A-OTF Ryumin,2,unresolved,,unresolved,0.545,yes,,,
A-OTF Shin Maru Go,2,unresolved,,unresolved,0.615,yes,,,
ABCDiatype Mono,2,known_non_google,,known_non_google_variant:Dinamo,1.0,no,,,
ALS Hauss,2,unresolved,,unresolved,0.667,yes,,,
AXIS Font Japanese Condensed,2,unresolved,,unresolved,0.684,yes,,,
Acumin Pro ExtraCondensed Black,2,known_non_google,,weight_suffix_stripped>known_non_google_variant:Adobe,1.0,no,,,
Aeonik Pro,2,known_non_google,,known_non_google:CoType,1.0,no,,,
Aeroport,2,unresolved,,unresolved,0.667,yes,,,
Agrandir,2,known_non_google,,known_non_google:Pangram Pangram,1.0,no,,,
Akira Expanded,2,known_non_google,,known_non_google:Bourbon,1.0,no,,,
Akzidenz-Grotesk Pro,2,known_non_google,,known_non_google_variant:Berthold,1.0,no,,,
Amatic SC,2,google_fonts,Amatic SC,exact,1.0,no,,,
Apax,2,unresolved,,unresolved,0.6,yes,,,
Atkinson Hyperlegible Next,2,google_fonts,Atkinson Hyperlegible Next,exact,1.0,no,,,
Axis Std Bold,2,known_non_google,,weight_suffix_stripped>known_non_google:Type Project,1.0,no,,,
BIZ UDPMincho,2,google_fonts,BIZ UDPMincho,exact,1.0,no,,,
Bandera Pro Bold,2,known_non_google,,weight_suffix_stripped>known_non_google:ParaType,1.0,no,,,
Bangers,2,google_fonts,Bangers,exact,1.0,no,,,
Benton Sans,2,unresolved,,unresolved,0.778,yes,,,
Benton Sans Condensed,2,unresolved,,unresolved,0.842,yes,,,
Benzin,2,unresolved,,unresolved,0.727,yes,,,
Berthold Akzidenz Grotesk,2,known_non_google,,foundry_prefix_dropped>known_non_google:Berthold,1.0,yes,,,
Bitter,2,google_fonts,Bitter,exact,1.0,no,,,
Bodoni,2,unresolved,,generic_historical_name,1.0,yes,,,
Bodoni Moda,2,google_fonts,Bodoni Moda,exact,1.0,no,,,
Bree Greek,2,unresolved,,unresolved,0.625,yes,,,
Brioni,2,unresolved,,unresolved,0.714,yes,,,
CMU Serif,2,unresolved,,unresolved,0.667,yes,,,
Cascadia Mono,2,google_fonts,Cascadia Mono,exact,1.0,no,,,
Clarendon,2,unresolved,,generic_historical_name,1.0,yes,,,
CoFo Peshka,2,unresolved,,unresolved,0.583,yes,,,
Crimson Text,2,google_fonts,Crimson Text,exact,1.0,no,,,
DIN 1451 Engschrift Bold,2,unresolved,,unresolved,0.529,yes,,,
DIN 2014 Extra Bold,2,known_non_google,,weight_suffix_stripped>known_non_google_variant:ParaType,1.0,no,,,
DIN Condensed,2,unresolved,,unresolved,0.846,yes,,,
DIN Next Condensed,2,known_non_google,,width_suffix_stripped>known_non_google:Monotype,1.0,no,,,
DIN Next LT Pro Condensed,2,known_non_google,,width_suffix_stripped>known_non_google:Monotype,1.0,no,,,
DIN Pro Bold,2,known_non_google,,weight_suffix_stripped>known_non_google:FontFont,1.0,no,,,
Druk Text Wide,2,known_non_google,,width_suffix_stripped>known_non_google_variant:Commercial Type,1.0,no,,,
Druk Wide Cyrillic,2,known_non_google,,script_suffix_stripped>known_non_google:Commercial Type,1.0,yes,approved,Reviewed by Nicole Minoza 2026-08-31; agreed with the flagging as generated,
Editorial New,2,unresolved,,unresolved,0.6,yes,,,
Euclid Flex,2,known_non_google,,known_non_google:Swiss Typefaces,1.0,no,,,
Eurostile Extended Black,2,unresolved,,unresolved,0.545,yes,,,
Eurostile LT Std Condensed,2,unresolved,,unresolved,0.667,yes,,,
FF Meta Greek,2,known_non_google,,script_suffix_stripped>known_non_google:Monotype,1.0,yes,,,
FOT-Matisse Pro,2,known_non_google,,known_non_google:Fontworks,1.0,no,,,
FOT-Seurat,2,unresolved,,unresolved,0.737,yes,,,
Fedra Sans Greek,2,known_non_google,,script_suffix_stripped>known_non_google:Typotheque,1.0,yes,,,
Fedra Serif B,2,known_non_google,,known_non_google_variant:Typotheque,1.0,no,,,
Figtree,2,google_fonts,Figtree,exact,1.0,no,,,
Fira Sans with Fira Mono,2,google_fonts,Fira Mono,foundry_prefix_dropped>foundry_prefix_dropped>foundry_prefix_dropped>exact,1.0,yes,,,
FiraGO Condensed,2,known_non_google,,width_suffix_stripped>known_non_google:bBox,1.0,no,,,
Fontworks New Rodin,2,unresolved,,unresolved,0.48,yes,,,
Fontworks TsukuARdGothic,2,unresolved,,unresolved,0.513,yes,,,
Fontworks UD Kakugo C80,2,unresolved,,unresolved,0.444,yes,,,
Frutiger Condensed,2,known_non_google,,width_suffix_stripped>known_non_google:Monotype,1.0,no,,,
Frutiger Next,2,known_non_google,,known_non_google_variant:Monotype,1.0,no,,,
Futura PT,2,unresolved,,unresolved,0.714,yes,,,
GT Maru,2,known_non_google,,known_non_google:Grilli Type,1.0,no,,,
Greta Text Condensed,2,unresolved,,unresolved,0.757,yes,,,
HackGen,2,unresolved,,unresolved,0.571,yes,,,Zen Kaku Gothic New / HackGen
Helvetica Greek,2,known_non_google,,script_suffix_stripped>known_non_google:Monotype,1.0,yes,,,
Helvetica Neue Condensed Black,2,known_non_google,,weight_suffix_stripped>width_suffix_stripped>known_non_google:Monotype,1.0,no,,,
Helvetica Now Condensed Black,2,known_non_google,,weight_suffix_stripped>width_suffix_stripped>known_non_google:Monotype,1.0,no,,,
Helvetica Now Greek,2,known_non_google,,script_suffix_stripped>known_non_google:Monotype,1.0,yes,,,
Helvetica Now Text,2,known_non_google,,known_non_google_variant:Monotype,1.0,no,,,
Hiragino Maru Gothic,2,unresolved,,unresolved,0.71,yes,,,
Hiragino Maru Gothic ProN,2,unresolved,,unresolved,0.629,yes,,,
IBM Plex Serif Condensed,2,google_fonts,IBM Plex Serif,width_suffix_stripped>exact,1.0,no,,,
Input Serif,2,unresolved,,unresolved,0.824,yes,,,
Interstate,2,unresolved,,unresolved,0.7,yes,,,
Josefin Sans,2,google_fonts,Josefin Sans,exact,1.0,no,,,
Junicode,2,unresolved,,unresolved,0.75,yes,,,
Jura,2,google_fonts,Jura,exact,1.0,no,,,
Karla,2,google_fonts,Karla,exact,1.0,no,,,
Knockout No. 48 Featherweight,2,known_non_google,,known_non_google_variant:Hoefler & Co,1.0,no,,,
Kozuka Gothic Pro Heavy,2,known_non_google,,weight_suffix_stripped>known_non_google:Adobe,1.0,no,,,
Kozuka Mincho Pr6N,2,unresolved,,unresolved,0.593,yes,,,
Kurokane,2,known_non_google,,known_non_google:Fontworks,1.0,no,,,
Lava,2,unresolved,,unresolved,0.667,yes,,,
Letter Gothic,2,unresolved,,unresolved,0.75,yes,,,
Libertinus Mono,2,google_fonts,Libertinus Mono,exact,1.0,no,,,Libertinus Serif + Libertinus Mono
M PLUS 2,2,google_fonts,M PLUS 2,exact,1.0,no,,,M PLUS 2 / M PLUS 1 Code
Marmelad,2,google_fonts,Marmelad,exact,1.0,no,,,
Microgramma Bold Extended,2,unresolved,,unresolved,0.533,yes,,,
Mochiy Pop One,2,google_fonts,Mochiy Pop One,exact,1.0,no,,,
Mona Sans,2,google_fonts,Mona Sans,exact,1.0,no,,,
Morisawa Ryumin,2,unresolved,,unresolved,0.571,yes,,,
Morisawa Shin Go,2,unresolved,,unresolved,0.522,yes,,,
Morisawa UD Shin Go Conde,2,unresolved,,unresolved,0.537,yes,,,
Morisawa UD Shin Maru Go,2,unresolved,,unresolved,0.5,yes,,,
Mrs Eaves,2,unresolved,,unresolved,0.667,yes,,,
Navigo,2,unresolved,,unresolved,0.625,yes,,,
Neue Frutiger Condensed,2,known_non_google,,foundry_prefix_dropped>width_suffix_stripped>known_non_google:Monotype,1.0,yes,,,
Neue Frutiger World,2,known_non_google,,known_non_google:Monotype,1.0,no,,,
Newzald,2,unresolved,,unresolved,0.615,yes,,,
Noto Sans CJK,2,google_fonts,Noto Sans JP,known_alias,1.0,yes,approved,Reviewed by Nicole Minoza 2026-08-31; agreed with the flagging as generated,Source Han Sans / Noto Sans CJK
Noto Sans with Noto Sans Mono,2,google_fonts,Noto Sans Mono,foundry_prefix_dropped>foundry_prefix_dropped>foundry_prefix_dropped>exact,1.0,yes,,,
Noto Serif CJK,2,google_fonts,Noto Serif JP,known_alias,1.0,yes,approved,Reviewed by Nicole Minoza 2026-08-31; agreed with the flagging as generated,Source Han Serif / Noto Serif CJK
Noto Serif Vietnamese,2,google_fonts,Noto Serif,script_suffix_stripped>exact,1.0,yes,approved,Reviewed by Nicole Minoza 2026-08-31; agreed with the flagging as generated,
Object Sans,2,unresolved,,unresolved,0.7,yes,,,
Ogg,2,unresolved,,unresolved,0.571,yes,,,
Ogg Text,2,unresolved,,unresolved,0.625,yes,,,
Omnes,2,unresolved,,unresolved,0.8,yes,,,
Overpass,2,google_fonts,Overpass,exact,1.0,no,,,
PF Centro Slab Pro,2,unresolved,,unresolved,0.545,yes,,,
PF DIN Display,2,unresolved,,unresolved,0.741,yes,,,
PF DIN Pro,2,known_non_google,,foundry_prefix_dropped>known_non_google:FontFont,1.0,yes,,,
PF DIN Text Cond Pro,2,known_non_google,,known_non_google_variant:Parachute,1.0,no,,,
PF Encore Sans Pro,2,unresolved,,unresolved,0.72,yes,,,
PF Grand Gothik,2,unresolved,,unresolved,0.609,yes,,,
PT Sans Bold,2,google_fonts,PT Sans,weight_suffix_stripped>exact,1.0,no,,,
PT Sans Pro,2,unresolved,,unresolved,0.8,yes,,,
Perpetua,2,unresolved,,unresolved,0.667,yes,,,
Philosopher,2,google_fonts,Philosopher,exact,1.0,no,,,
Podkova,2,google_fonts,Podkova,exact,1.0,no,,,
PragmataPro,2,unresolved,,unresolved,0.75,yes,,,
Proto Grotesk,2,unresolved,,unresolved,0.783,yes,,,
RF Dewi,2,unresolved,,unresolved,0.625,yes,,,
Rubik Mono One,2,google_fonts,Rubik Mono One,exact,1.0,no,,,
SF Mono,2,unresolved,,unresolved,0.8,yes,,,Hiragino Sans + SF Mono
SST JP,2,unresolved,,unresolved,0.6,yes,,,
Skolar Sans PE,2,known_non_google,,known_non_google_variant:Rosetta,1.0,no,,,
Sniglet,2,google_fonts,Sniglet,exact,1.0,no,,,
Sofia Sans Soft,2,unresolved,,unresolved,0.818,yes,,,
Source Han Mono,2,unresolved,,unresolved,0.696,yes,,,Source Han Sans JP + Source Han Mono
Source Han Sans Japanese,2,known_non_google,,known_non_google_variant:Adobe,1.0,no,,,
Source Serif,2,google_fonts,Source Serif 4,fuzzy,0.957,yes,,,
Stick,2,google_fonts,Stick,exact,1.0,no,,,
Stratos,2,unresolved,,unresolved,0.769,yes,,,
Styrene,2,unresolved,,unresolved,0.727,yes,,,
Styrene A,2,unresolved,,unresolved,0.667,yes,,,
Suisse Int'l Condensed,2,known_non_google,,width_suffix_stripped>known_non_google:Swiss Typefaces,1.0,no,,,
Suisse Int'l Mono,2,known_non_google,,known_non_google:Swiss Typefaces,1.0,no,,,
Söhne Mono,2,unresolved,,unresolved,0.875,yes,,,
TBUD Maru Gothic,2,unresolved,,unresolved,0.741,yes,,,
TP Sky,2,unresolved,,unresolved,0.615,yes,,,
Tabular,2,unresolved,,unresolved,0.667,yes,approved,Reviewed by Nicole Minoza 2026-08-31; agreed with the flagging as generated,
Tahoma,2,unresolved,,unresolved,0.667,yes,,,
Tazugane Info,2,unresolved,,unresolved,0.571,yes,,,
Tipo Pépel,2,unresolved,,unresolved,0.571,yes,,,
Titling Gothic FB,2,unresolved,,unresolved,0.593,yes,,,
Tsukushi A Mincho,2,known_non_google,,known_non_google:Fontworks,1.0,no,,,
Ubuntu Mono,2,google_fonts,Ubuntu Mono,exact,1.0,no,,,
Univers Condensed,2,known_non_google,,width_suffix_stripped>known_non_google:Monotype,1.0,no,,,
Univers Greek,2,known_non_google,,script_suffix_stripped>known_non_google:Monotype,1.0,yes,,,
Univers Next Condensed Black,2,known_non_google,,weight_suffix_stripped>width_suffix_stripped>known_non_google:Monotype,1.0,no,,,
Value Serif,2,unresolved,,unresolved,0.636,yes,,,
Vela Sans,2,unresolved,,unresolved,0.75,yes,,,
Wix Madefor Text,2,google_fonts,Wix Madefor Text,exact,1.0,no,,,Wix Madefor Text / Wix Madefor Display
Yomogi,2,google_fonts,Yomogi,exact,1.0,no,,,
Yusei Magic,2,google_fonts,Yusei Magic,exact,1.0,no,,,
1p,1,unresolved,,unresolved,0.444,yes,,,M+ 1p
21 Cent,1,unresolved,,unresolved,0.615,yes,,,
A P-OTF RyuMin,1,unresolved,,unresolved,0.526,yes,,,
A-OTF Bunkyu Mincho Pr6N,1,unresolved,,unresolved,0.516,yes,,,A-OTF Bunkyu Mincho Pr6N + Source Serif 4
A-OTF Gothic MB101 Mono,1,known_non_google,,known_non_google_variant:Morisawa,1.0,no,,,A-OTF Gothic MB101 + A-OTF Gothic MB101 Mono
A-OTF Gothic MB101 Pr6N U,1,known_non_google,,known_non_google_variant:Morisawa,1.0,no,,,
A-OTF Midashi Go MB31,1,known_non_google,,known_non_google:Morisawa,1.0,no,,,
A-OTF UD Reimin Pr6N,1,unresolved,,unresolved,0.48,yes,,,
A-OTF UD Shin Go Pr6N,1,unresolved,,unresolved,0.538,yes,,,
ABB Neue,1,unresolved,,unresolved,0.625,yes,,,
ABC Favorit Mono,1,known_non_google,,foundry_prefix_dropped>known_non_google_variant:Dinamo,1.0,yes,approved,Reviewed by Nicole Minoza 2026-08-31; agreed with the flagging as generated,
ABC Ginto,1,known_non_google,,known_non_google:Dinamo,1.0,no,,,
ABC Whyte,1,known_non_google,,known_non_google:Dinamo,1.0,no,,,
ABCMaxi,1,unresolved,,unresolved,0.571,yes,,,
AG Book Pro Bold,1,unresolved,,unresolved,0.5,yes,,,
ALS Sector,1,unresolved,,unresolved,0.714,yes,,,
Academica,1,unresolved,,unresolved,0.625,yes,,,
Academy Pro,1,unresolved,,unresolved,0.632,yes,,,
Action Condensed,1,unresolved,,unresolved,0.828,yes,,,
Action Condensed Black,1,unresolved,,unresolved,0.706,yes,,,
Activist,1,unresolved,,unresolved,0.571,yes,approved,Reviewed by Nicole Minoza 2026-08-31; agreed with the flagging as generated,
Acumin Pro ExtraCondensed UltraBlack,1,known_non_google,,known_non_google_variant:Adobe,1.0,no,,,
Adelle Sans,1,unresolved,,unresolved,0.8,yes,,,
Adobe Caslon,1,unresolved,,unresolved,0.667,yes,,,
Adobe Garamond,1,unresolved,,unresolved,0.783,yes,,,
Adobe Garamond Premier Pro,1,known_non_google,,foundry_prefix_dropped>known_non_google:Adobe,1.0,yes,,,
Agency FB Bold,1,unresolved,,unresolved,0.632,yes,,,
Akkurat Mono,1,known_non_google,,known_non_google_variant:Lineto,1.0,no,,,
Aktiv Grotesk Condensed,1,unresolved,,unresolved,0.686,yes,,,
Akzidenz-Grotesk Condensed,1,known_non_google,,width_suffix_stripped>known_non_google:Berthold,1.0,no,,,
Akzidenz-Grotesk Next Condensed,1,known_non_google,,width_suffix_stripped>known_non_google_variant:Berthold,1.0,no,,,
Align,1,unresolved,,unresolved,0.727,yes,,,
Alte Haas Grotesk,1,unresolved,,unresolved,0.667,yes,,,
Alternate Gothic,1,unresolved,,unresolved,0.643,yes,,,
Amplitude,1,unresolved,,unresolved,0.632,yes,,,
Andada Pro,1,google_fonts,Andada Pro,exact,1.0,no,,,
Anek Greek,1,unresolved,,unresolved,0.75,yes,,,
Antonia H1,1,unresolved,,unresolved,0.75,yes,,,
Anybody,1,google_fonts,Anybody,exact,1.0,no,,,
Anziano,1,unresolved,,unresolved,0.625,yes,,,
Apex Serif,1,unresolved,,unresolved,0.762,yes,,,
Apoc,1,known_non_google,,known_non_google:Pangram Pangram,1.0,no,,,
Aptos Mono,1,known_non_google,,known_non_google_variant:Microsoft,1.0,no,,,Aptos + Aptos Mono
Atyp Display,1,unresolved,,unresolved,0.762,yes,,,
Austin Cyr,1,unresolved,,unresolved,0.706,yes,,,
Austin Cyrillic,1,unresolved,,unresolved,0.609,yes,,,
Authentic Sans,1,known_non_google,,known_non_google:Authentic,1.0,no,,,
Avenir Next Greek,1,known_non_google,,script_suffix_stripped>known_non_google:Monotype,1.0,yes,,,
Axis Std Condensed,1,known_non_google,,width_suffix_stripped>known_non_google:Type Project,1.0,no,,,
BIZ UD Gothic,1,google_fonts,BIZ UDGothic,punctuation_or_case,1.0,no,,,
BIZ UD Mincho,1,google_fonts,BIZ UDMincho,punctuation_or_case,1.0,no,,,
Banco Gothic Bold,1,unresolved,,unresolved,0.625,yes,,,
Bandera,1,unresolved,,unresolved,0.714,yes,,,
Bandera Pro,1,known_non_google,,known_non_google:ParaType,1.0,no,,,
Bank Gothic Bold,1,unresolved,,unresolved,0.645,yes,,,
Barlow Black,1,google_fonts,Barlow,weight_suffix_stripped>exact,1.0,no,,,
Barlow Condensed ExtraBold,1,google_fonts,Barlow Condensed,weight_suffix_stripped>exact,1.0,no,,,
Barlow Semi Condensed,1,google_fonts,Barlow Semi Condensed,exact,1.0,no,,,
Basis Grotesque Cyrillic,1,unresolved,,unresolved,0.579,yes,,,
Baskerville 10 Pro,1,unresolved,,unresolved,0.786,yes,,,
Baskerville Original Pro,1,unresolved,,unresolved,0.647,yes,,,
Baskerville PT,1,unresolved,,unresolved,0.88,yes,,,
Be Vietnam Pro Bold,1,google_fonts,Be Vietnam Pro,weight_suffix_stripped>exact,1.0,no,,,
Be Vietnam Pro ExtraBold,1,google_fonts,Be Vietnam Pro,weight_suffix_stripped>exact,1.0,no,,,
Be Vietnam Pro Medium,1,google_fonts,Be Vietnam Pro,weight_suffix_stripped>exact,1.0,no,,,
Be Vietnam Pro Regular,1,google_fonts,Be Vietnam Pro,weight_suffix_stripped>exact,1.0,no,,,
Bebas Kai,1,known_non_google,,known_non_google:Dharma Type,1.0,no,,,
Bembo Infant,1,known_non_google,,known_non_google_variant:Monotype,1.0,no,,,
Bickham Script Pro,1,unresolved,,unresolved,0.64,yes,,,
Big Shoulders Display,1,google_fonts,Big Shoulders,renamed_family,1.0,yes,approved,Reviewed by Nicole Minoza 2026-08-31; agreed with the flagging as generated,
Black Ops One,1,google_fonts,Black Ops One,exact,1.0,no,,,
Bluu Suuperstar,1,unresolved,,unresolved,0.519,yes,,,
Bookmania,1,unresolved,,unresolved,0.667,yes,,,
Bradford,1,unresolved,,unresolved,0.588,yes,,,
Bureau Grot,1,unresolved,,unresolved,0.556,yes,,,
Bureau Grot Compressed Black,1,unresolved,,unresolved,0.471,yes,,,
Bureau Grot Extra Compressed,1,unresolved,,unresolved,0.591,yes,,,
Capitolium,1,unresolved,,unresolved,0.667,yes,,,
Cardea,1,unresolved,,unresolved,0.769,yes,,,
Century,1,unresolved,,unresolved,0.615,yes,,,
Cera Round Pro,1,unresolved,,unresolved,0.636,yes,,,
Chakra Petch Bold,1,google_fonts,Chakra Petch,weight_suffix_stripped>exact,1.0,no,,,
Chaparral,1,unresolved,,unresolved,0.625,yes,,,
Chaparral Pro,1,unresolved,,unresolved,0.571,yes,,,
Chaparral Pro Condensed,1,unresolved,,unresolved,0.722,yes,,,
Charter Pro,1,unresolved,,unresolved,0.737,yes,,,
Chewy,1,google_fonts,Chewy,exact,1.0,no,,,
Chivo,1,google_fonts,Chivo,exact,1.0,no,,,
Clash Display,1,unresolved,,unresolved,0.75,yes,,,
Coiny,1,google_fonts,Coiny,exact,1.0,no,,,
Colvert,1,unresolved,,unresolved,0.615,yes,,,
Comic Neue,1,google_fonts,Comic Neue,exact,1.0,no,,,
Comic Sans MS,1,unresolved,,unresolved,0.636,yes,,,
Commissioner Condensed,1,google_fonts,Commissioner,width_suffix_stripped>exact,1.0,no,,,
Commissioner Variable,1,unresolved,,unresolved,0.75,yes,,,
Commit Mono,1,unresolved,,unresolved,0.636,yes,,,LINE Seed JP + Commit Mono
Compacta Black,1,unresolved,,unresolved,0.56,yes,,,
Compacta Bold,1,unresolved,,unresolved,0.588,yes,,,
Computer Modern,1,unresolved,,unresolved,0.625,yes,,,
Copperplate Gothic,1,unresolved,,unresolved,0.621,yes,,,
Courier New,1,unresolved,,unresolved,0.727,yes,,,
Courier Prime,1,google_fonts,Courier Prime,exact,1.0,no,,,
DDC Hardware,1,unresolved,,unresolved,0.6,yes,,,
DIN 1451,1,unresolved,,unresolved,0.5,yes,,,
DIN 2014 Condensed Black,1,known_non_google,,weight_suffix_stripped>width_suffix_stripped>known_non_google:ParaType,1.0,no,,,
DIN 2014 Cyrillic,1,known_non_google,,script_suffix_stripped>known_non_google:ParaType,1.0,yes,,,
DIN 2014 Narrow,1,known_non_google,,width_suffix_stripped>known_non_google:ParaType,1.0,no,,,
DIN Next Compressed,1,known_non_google,,width_suffix_stripped>known_non_google:Monotype,1.0,no,,,
DIN Next Condensed Heavy,1,known_non_google,,weight_suffix_stripped>width_suffix_stripped>known_non_google:Monotype,1.0,no,,,
DIN Next LT Pro Condensed PanEuropean,1,known_non_google,,known_non_google_variant:Monotype,1.0,no,,,
DIN Next Paneuropean Condensed,1,known_non_google,,width_suffix_stripped>known_non_google_variant:Monotype,1.0,no,,,
DM Sans with DM Mono,1,google_fonts,DM Mono,foundry_prefix_dropped>foundry_prefix_dropped>foundry_prefix_dropped>exact,1.0,yes,,,
DNP Shuei Maru Gothic,1,unresolved,,unresolved,0.71,yes,,,
DNP Shuei MaruGo,1,unresolved,,unresolved,0.609,yes,,,
DNP Shuei Mincho Pr6N,1,known_non_google,,known_non_google:DNP,1.0,no,,,
Dalat,1,unresolved,,unresolved,0.8,yes,,,
Dancing Script,1,google_fonts,Dancing Script,exact,1.0,no,,,
Dante MT Pro,1,unresolved,,unresolved,0.636,yes,,,
DejaVu Sans,1,unresolved,,unresolved,0.667,yes,,,
DejaVu Serif,1,unresolved,,unresolved,0.6,yes,,,
Dharma Gothic,1,unresolved,,unresolved,0.696,yes,,,
Dharma Gothic E Heavy,1,unresolved,,unresolved,0.581,yes,,,
Dia,1,unresolved,,unresolved,0.667,yes,,,
Didona,1,unresolved,,unresolved,0.667,yes,,,
Din Pro,1,known_non_google,,known_non_google:FontFont,1.0,no,,,
Dinamo ABC Arizona,1,known_non_google,,foundry_prefix_dropped>known_non_google:Dinamo,1.0,yes,approved,Reviewed by Nicole Minoza 2026-08-31; agreed with the flagging as generated,
Domaine Text,1,unresolved,,unresolved,0.706,yes,,,
Druk Condensed,1,known_non_google,,width_suffix_stripped>known_non_google:Commercial Type,1.0,no,,,
Druk Wide Heavy,1,known_non_google,,weight_suffix_stripped>known_non_google:Commercial Type,1.0,no,,,
Druk Wide Super,1,known_non_google,,known_non_google_variant:Commercial Type,1.0,no,,,
Emigre Lo-Res,1,unresolved,,unresolved,0.696,yes,,,
Encode Sans,1,google_fonts,Encode Sans,exact,1.0,no,,,
Encode Sans Condensed,1,google_fonts,Encode Sans Condensed,exact,1.0,no,,,
Eurostile Next Heavy Extended,1,unresolved,,unresolved,0.5,yes,,,
Everett,1,unresolved,,unresolved,0.667,yes,,,
FF DIN Pro Condensed Black,1,known_non_google,,weight_suffix_stripped>width_suffix_stripped>foundry_prefix_dropped>known_non_google:FontFont,1.0,yes,,,
FF Info Display,1,unresolved,,unresolved,0.692,yes,,,
FF Meta,1,known_non_google,,known_non_google:Monotype,1.0,no,,,
FF Meta Bold,1,known_non_google,,weight_suffix_stripped>known_non_google:Monotype,1.0,no,,,
FF Meta Cyrillic,1,known_non_google,,script_suffix_stripped>known_non_google:Monotype,1.0,yes,,,
FF Meta Pro,1,known_non_google,,known_non_google_variant:Monotype,1.0,no,,,
FF Meta Pro Cyrillic,1,known_non_google,,script_suffix_stripped>known_non_google_variant:Monotype,1.0,yes,,,
FF Meta Serif Condensed,1,known_non_google,,width_suffix_stripped>known_non_google_variant:Monotype,1.0,no,,,
FF Scala Sans,1,unresolved,,unresolved,0.778,yes,,,
FF Scala Serif,1,unresolved,,unresolved,0.583,yes,,,
FF Schulbuch,1,unresolved,,unresolved,0.476,yes,,,
FK Screamer,1,unresolved,,unresolved,0.6,yes,,,
FOT-Kurokane,1,unresolved,,unresolved,0.632,yes,,,
FOT-Reggae One,1,unresolved,,unresolved,0.857,yes,,,
FOT-Rodin Pro,1,unresolved,,unresolved,0.632,yes,,,
FOT-Seurat Pro,1,unresolved,,unresolved,0.636,yes,,,
FOT-Seurat ProN,1,unresolved,,unresolved,0.609,yes,,,
FOT-Skip,1,unresolved,,unresolved,0.556,yes,,,
FOT-TsukuARdGothic,1,unresolved,,unresolved,0.645,yes,,,
FOT-TsukuB Antique,1,unresolved,,unresolved,0.552,yes,,,
FOT-TsukuGo Pro,1,unresolved,,unresolved,0.5,yes,,,
FOT-Tsukushi A Old Mincho,1,unresolved,,unresolved,0.581,yes,,,
FOT-UD Maru Gothic Large,1,unresolved,,unresolved,0.606,yes,,,
FS Albert Pro,1,unresolved,,unresolved,0.625,yes,,,
FS Joey,1,unresolved,,unresolved,0.615,yes,,,
Fabula,1,unresolved,,unresolved,0.727,yes,,,
Fact,1,unresolved,,unresolved,0.667,yes,,,
Farnham Text,1,unresolved,,unresolved,0.667,yes,,,
Farnham Text and Farnham Display,1,unresolved,,unresolved,0.605,yes,,,
Faune,1,unresolved,,unresolved,0.769,yes,,,
Faustina,1,google_fonts,Faustina,exact,1.0,no,,,
Favorit Greek,1,known_non_google,,script_suffix_stripped>known_non_google:Dinamo,1.0,yes,,,
Fedra Sans Condensed Greek,1,known_non_google,,script_suffix_stripped>width_suffix_stripped>known_non_google:Typotheque,1.0,yes,,,
Fedra Sans Pro Cyrillic,1,known_non_google,,script_suffix_stripped>known_non_google_variant:Typotheque,1.0,yes,,,
Fedra Serif A,1,known_non_google,,known_non_google_variant:Typotheque,1.0,no,,,
Fedra Serif A Greek,1,known_non_google,,script_suffix_stripped>known_non_google_variant:Typotheque,1.0,yes,,,
Fedra Serif with Fedra Mono,1,known_non_google,,known_non_google_variant:Typotheque,1.0,no,,,
Feijoa,1,unresolved,,unresolved,0.667,yes,,,
Fengardo Neue,1,unresolved,,unresolved,0.6,yes,,,
Filson Pro,1,known_non_google,,known_non_google:Mostardesign,1.0,no,,,
Filson Soft,1,unresolved,,unresolved,0.571,yes,,,
Financier Display,1,unresolved,,unresolved,0.759,yes,,,
Financier Text,1,unresolved,,unresolved,0.741,yes,,,
Fira Sans Extra Condensed,1,google_fonts,Fira Sans Extra Condensed,exact,1.0,no,,,
Fontworks New Rodin ProN Condensed,1,unresolved,,unresolved,0.571,yes,,,
Fontworks UD Marugo,1,unresolved,,unresolved,0.519,yes,,,
Fontworks UD Marugo Large,1,unresolved,,unresolved,0.471,yes,,,
Forma DJR,1,unresolved,,unresolved,0.615,yes,,,
Founders Grotesk X-Condensed Black,1,known_non_google,,weight_suffix_stripped>known_non_google_variant:Klim,1.0,no,,,
Foundry Gridnik Bold,1,unresolved,,unresolved,0.513,yes,,,
Franklin Gothic,1,unresolved,,unresolved,0.643,yes,,,
Fraunces 144pt Black,1,unresolved,,unresolved,0.615,yes,,,
Freight Display Pro,1,unresolved,,unresolved,0.733,yes,,,
Freight Sans,1,unresolved,,unresolved,0.762,yes,,,
Freight Text and Freight Display,1,unresolved,,unresolved,0.585,yes,,,
Freight Text with Freight Display,1,unresolved,,unresolved,0.524,yes,,,
Frutiger Condensed Black,1,known_non_google,,weight_suffix_stripped>width_suffix_stripped>known_non_google:Monotype,1.0,no,,,
Frutiger Greek,1,known_non_google,,script_suffix_stripped>known_non_google:Monotype,1.0,yes,,,
Frutiger Neue,1,known_non_google,,known_non_google_variant:Monotype,1.0,no,,,
Futura,1,unresolved,,generic_historical_name,1.0,yes,,,
GT America Condensed,1,known_non_google,,width_suffix_stripped>known_non_google:Grilli Type,1.0,no,,,
GT America Expanded,1,known_non_google,,width_suffix_stripped>known_non_google:Grilli Type,1.0,no,,,
GT America Micro,1,known_non_google,,known_non_google_variant:Grilli Type,1.0,no,,,
GT America Mono,1,known_non_google,,known_non_google_variant:Grilli Type,1.0,no,,,
GT Pressura Condensed Black,1,known_non_google,,weight_suffix_stripped>width_suffix_stripped>known_non_google:Grilli Type,1.0,no,,,
GT Super,1,unresolved,,unresolved,0.769,yes,,,
GT Super Text,1,unresolved,,unresolved,0.636,yes,,,
GT Walsheim,1,known_non_google,,known_non_google:Grilli Type,1.0,no,,,
Gagalin,1,unresolved,,unresolved,0.714,yes,,,
Garamond Premier Pro with Display optical sizes,1,known_non_google,,known_non_google_variant:Adobe,1.0,no,,,
Garnett,1,unresolved,,unresolved,0.625,yes,,,
Gen Jyuu Gothic,1,unresolved,,unresolved,0.692,yes,,,
Gentium,1,known_non_google,,known_non_google:SIL,1.0,no,,,
Geometria,1,unresolved,,unresolved,0.625,yes,,,
Georgia Pro Condensed,1,unresolved,,unresolved,0.688,yes,,,
Gerbera,1,unresolved,,unresolved,0.625,yes,,,
Gilroy,1,unresolved,,unresolved,0.727,yes,,,
Golos,1,unresolved,,unresolved,0.714,yes,,,
Goudy Old Style,1,unresolved,,unresolved,0.545,yes,,,
Graphik LCG,1,known_non_google,,known_non_google_variant:Commercial Type,1.0,no,,,
Greta Sans,1,known_non_google,,known_non_google:Typotheque,1.0,no,,,
Greta Sans Greek,1,known_non_google,,script_suffix_stripped>known_non_google:Typotheque,1.0,yes,,,
Greta Text Greek Narrow,1,unresolved,,unresolved,0.545,yes,,,
Greta Text Hellenic,1,unresolved,,unresolved,0.645,yes,,,
Greta Text with Greta Mono,1,unresolved,,unresolved,0.514,yes,,,
Grotesk MWM,1,unresolved,,unresolved,0.667,yes,,,
Grtsk Cyrillic,1,unresolved,,unresolved,0.545,yes,,,
Guardian Egyptian,1,unresolved,,unresolved,0.56,yes,,,
Guardian Text Egyptian,1,unresolved,,unresolved,0.529,yes,,,
Hakusyu Gyosho,1,known_non_google,,known_non_google:Hakusyu,1.0,no,,,
Halvar,1,unresolved,,unresolved,0.714,yes,,,
Hannari Mincho,1,unresolved,,unresolved,0.783,yes,,,
Heinemann Special,1,unresolved,,unresolved,0.529,yes,,,
Helvetica Neue Black Condensed,1,known_non_google,,width_suffix_stripped>weight_suffix_stripped>known_non_google:Monotype,1.0,no,,,
Helvetica Neue Bold,1,known_non_google,,weight_suffix_stripped>known_non_google:Monotype,1.0,no,,,
Helvetica Now Display,1,known_non_google,,known_non_google_variant:Monotype,1.0,no,,,
Helvetica Now Display Black,1,known_non_google,,weight_suffix_stripped>known_non_google_variant:Monotype,1.0,no,,,
Helvetica Now Display Bold,1,known_non_google,,weight_suffix_stripped>known_non_google_variant:Monotype,1.0,no,,,
Helvetica Now Micro,1,known_non_google,,known_non_google_variant:Monotype,1.0,no,,,
Helvetica Now World,1,known_non_google,,known_non_google:Monotype,1.0,no,,,
Hiragino Kaku Gothic ProN W3,1,known_non_google,,known_non_google_variant:Screen,1.0,no,,,
Hiragino Kaku Gothic StdN W8,1,unresolved,,unresolved,0.65,yes,,,
Hiragino Sans W3,1,unresolved,,unresolved,0.64,yes,,,
IBM Plex Sans Condensed Bold,1,google_fonts,IBM Plex Sans Condensed,weight_suffix_stripped>exact,1.0,no,,,
IBM Plex Sans and IBM Plex Mono,1,unresolved,,unresolved,0.667,yes,,,
Inconsolata,1,google_fonts,Inconsolata,exact,1.0,no,,,
Input Mono,1,unresolved,,unresolved,0.8,yes,,,
Input Sans,1,unresolved,,unresolved,0.8,yes,,,
Interstate Bold Condensed,1,unresolved,,unresolved,0.667,yes,,,
Interstate Condensed,1,unresolved,,unresolved,0.737,yes,,,
Interstate Condensed Black,1,unresolved,,unresolved,0.651,yes,,,
Intro,1,unresolved,,unresolved,0.8,yes,,,
Involve,1,unresolved,,unresolved,0.615,yes,,,
Iosevka Term,1,unresolved,,unresolved,0.667,yes,,,
Itim,1,google_fonts,Itim,exact,1.0,no,,,
Ivar,1,unresolved,,unresolved,0.667,yes,,,
Izhitsa,1,unresolved,,unresolved,0.571,yes,,,
Janson Text,1,unresolved,,unresolved,0.667,yes,,,
JetBrains Sans,1,unresolved,,unresolved,0.769,yes,,,
Karloff Negative,1,unresolved,,unresolved,0.667,yes,,,
Kazimir Display,1,unresolved,,unresolved,0.692,yes,,,
Kazimir Text Bold,1,known_non_google,,weight_suffix_stripped>known_non_google:CSTM Fonts,1.0,no,,,
Kazuraki SP2N,1,unresolved,,unresolved,0.571,yes,,,
Kepler Condensed,1,unresolved,,unresolved,0.714,yes,,,
Kinto Sans,1,unresolved,,unresolved,0.824,yes,,,
Kinuta Marumin Fuji,1,unresolved,,unresolved,0.5,yes,,,
Kis Antiqua,1,unresolved,,unresolved,0.727,yes,,,
Kis Antiqua Now,1,unresolved,,unresolved,0.64,yes,,,
Klee,1,unresolved,,unresolved,0.727,yes,,,
Knockout No. 48 Bantamweight,1,known_non_google,,known_non_google_variant:Hoefler & Co,1.0,no,,,
Knockout No. 74 Sumatra,1,known_non_google,,known_non_google_variant:Hoefler & Co,1.0,no,,,
Knockout No. 94 Ultimate Sumo,1,known_non_google,,known_non_google_variant:Hoefler & Co,1.0,no,,,
Kozuka Gothic,1,known_non_google,,known_non_google:Adobe,1.0,no,,,
Kozuka Mincho Pro,1,unresolved,,unresolved,0.615,yes,,,
Kudryashev,1,unresolved,,unresolved,0.625,yes,,,
Kudryashev Pro,1,unresolved,,unresolved,0.56,yes,,,
Kudryashev Text,1,unresolved,,unresolved,0.519,yes,,,
LINE Seed Sans JP,1,unresolved,,unresolved,0.833,yes,,,
Larken Text,1,unresolved,,unresolved,0.667,yes,,,
Lazurski Pro,1,unresolved,,unresolved,0.556,yes,,,
Lexia Readable,1,unresolved,,unresolved,0.6,yes,,,
Lexicon,1,unresolved,,unresolved,0.667,yes,,,
Liberation Mono,1,unresolved,,unresolved,0.857,yes,,,
Liberation Sans and Liberation Mono,1,unresolved,,unresolved,0.578,yes,,,
Libertinus Sans,1,google_fonts,Libertinus Sans,exact,1.0,no,,,
Libertinus Serif with Libertinus Mono,1,google_fonts,Libertinus Mono,foundry_prefix_dropped>foundry_prefix_dropped>foundry_prefix_dropped>exact,1.0,yes,,,
Linux Libertine,1,unresolved,,unresolved,0.621,yes,,,
Lucida Bright,1,unresolved,,unresolved,0.571,yes,,,
Lyon Text Cyrillic,1,known_non_google,,script_suffix_stripped>known_non_google:Commercial Type,1.0,yes,,,
Lyon Text Greek,1,known_non_google,,script_suffix_stripped>known_non_google:Commercial Type,1.0,yes,,,
Lyon Text with Lyon Display,1,known_non_google,,known_non_google_variant:Commercial Type,1.0,no,,,
M,1,unresolved,,unresolved,0.5,yes,,,M+ 1p
M PLUS Code Latin,1,google_fonts,M PLUS Code Latin,exact,1.0,no,,,
MVB Verdigris,1,unresolved,,unresolved,0.556,yes,,,
Mabry Pro,1,known_non_google,,known_non_google_variant:Colophon,1.0,no,,,
Macklin Text,1,unresolved,,unresolved,0.727,yes,,,
Magma,1,unresolved,,unresolved,0.8,yes,,,
Manuka,1,unresolved,,unresolved,0.769,yes,,,
Mekong,1,unresolved,,unresolved,0.667,yes,,,
Mercury Text and Mercury Display,1,known_non_google,,known_non_google_variant:Hoefler & Co,1.0,no,,,
Merriweather Sans,1,google_fonts,Merriweather Sans,exact,1.0,no,,,
Migra,1,unresolved,,unresolved,0.8,yes,,,
Mikado,1,unresolved,,unresolved,0.727,yes,,,
Miller Text and Miller Display,1,known_non_google,,known_non_google_variant:Font Bureau,1.0,no,,,
Miller Text with Miller Display,1,known_non_google,,known_non_google_variant:Font Bureau,1.0,no,,,
Milo Serif,1,unresolved,,unresolved,0.667,yes,,,
Minion 3 Condensed,1,known_non_google,,width_suffix_stripped>known_non_google:Adobe,1.0,no,,,
Minotaur,1,unresolved,,unresolved,0.667,yes,,,
Mochiy Pop P One,1,google_fonts,Mochiy Pop P One,exact,1.0,no,,,
Molot,1,known_non_google,,known_non_google:Letterhead,1.0,no,,,
Mongoose,1,unresolved,,unresolved,0.667,yes,,,
Monotype Shorai Sans,1,unresolved,,unresolved,0.615,yes,,,
Morisawa Shin Go Condensed,1,unresolved,,unresolved,0.683,yes,,,
Morisawa Shorai Sans,1,unresolved,,unresolved,0.611,yes,,,
Morisawa UD Kyokashotai,1,unresolved,,unresolved,0.513,yes,,,
Morisawa UD Reimin,1,unresolved,,unresolved,0.6,yes,,,
Morisawa UD Shin Go NT Conde90,1,unresolved,,unresolved,0.533,yes,,,
Muller,1,unresolved,,unresolved,0.727,yes,,,
Murecho,1,google_fonts,Murecho,exact,1.0,no,,,
Museo Sans Cyrillic,1,unresolved,,unresolved,0.581,yes,,,
Museo Sans Rounded,1,unresolved,,unresolved,0.667,yes,,,
NB International,1,known_non_google,,known_non_google:Neubau,1.0,no,,,
Neacademia,1,unresolved,,unresolved,0.588,yes,,,
Neue Haas Grotesk Text Condensed,1,known_non_google,,width_suffix_stripped>known_non_google_variant:Monotype,1.0,no,,,
Neue Machina UltraBold,1,known_non_google,,known_non_google_variant:Pangram Pangram,1.0,no,,,
New Standard,1,unresolved,,unresolved,0.667,yes,,,
Newton,1,unresolved,,unresolved,0.833,yes,,,
Nocturno,1,unresolved,,unresolved,0.545,yes,,,
Nocturno Text,1,unresolved,,unresolved,0.609,yes,,,
Noe Text,1,unresolved,,unresolved,0.667,yes,,,
Noto Sans Condensed Black,1,google_fonts,Noto Sans,weight_suffix_stripped>width_suffix_stripped>exact,1.0,no,,,
Noto Sans JP Bold,1,google_fonts,Noto Sans JP,weight_suffix_stripped>exact,1.0,no,,,
Noto Sans JP Light,1,google_fonts,Noto Sans JP,weight_suffix_stripped>exact,1.0,no,,,
Noto Sans Mono CJK JP,1,unresolved,,unresolved,0.828,yes,,,
Noto Sans Rounded,1,unresolved,,unresolved,0.786,yes,,,
Noto Sans and Noto Sans Mono,1,google_fonts,Noto Sans Mono,foundry_prefix_dropped>foundry_prefix_dropped>foundry_prefix_dropped>exact,1.0,yes,,,
Noto Serif Display Condensed,1,google_fonts,Noto Serif Display,width_suffix_stripped>exact,1.0,no,,,
Noto Serif with Noto Sans Mono,1,google_fonts,Noto Sans Mono,foundry_prefix_dropped>foundry_prefix_dropped>foundry_prefix_dropped>exact,1.0,yes,,,
Nunito Sans Variable,1,unresolved,,unresolved,0.714,yes,,,
Orchidea Pro,1,unresolved,,unresolved,0.667,yes,,,
Oswald Bold,1,google_fonts,Oswald,weight_suffix_stripped>exact,1.0,no,,,
Outfit,1,google_fonts,Outfit,exact,1.0,no,,,
PF Bague Round Pro,1,unresolved,,unresolved,0.538,yes,,,
PF Bague Sans Pro,1,unresolved,,unresolved,0.583,yes,,,
PF Beau Sans Pro,1,unresolved,,unresolved,0.6,yes,,,
PF Centro Serif,1,unresolved,,unresolved,0.727,yes,,,
PF DIN Stencil Pro,1,unresolved,,unresolved,0.667,yes,,,
PF DIN Text Greek,1,unresolved,,unresolved,0.571,yes,,,
PF DIN Text Pro Condensed,1,known_non_google,,width_suffix_stripped>known_non_google:Parachute,1.0,no,,,
PF DIN Text Universal,1,unresolved,,unresolved,0.519,yes,,,
PF Din Text,1,unresolved,,unresolved,0.609,yes,,,
PF Kids Pro,1,unresolved,,unresolved,0.571,yes,,,
PF Marlet Display,1,unresolved,,unresolved,0.733,yes,,,
PF Marlet Text,1,unresolved,,unresolved,0.609,yes,,,
PF Schoola Pro,1,unresolved,,unresolved,0.545,yes,,,
PF Square Sans Pro,1,unresolved,,unresolved,0.615,yes,,,
PP Neue Machina,1,known_non_google,,foundry_prefix_dropped>known_non_google:Pangram Pangram,1.0,yes,,,
PP Neue Machina Cyrillic,1,known_non_google,,script_suffix_stripped>foundry_prefix_dropped>known_non_google:Pangram Pangram,1.0,yes,,,
PT Astra Serif,1,unresolved,,unresolved,0.737,yes,,,
PT Sans Rounded,1,unresolved,,unresolved,0.667,yes,,,
PT Sans and PT Mono,1,google_fonts,PT Mono,foundry_prefix_dropped>foundry_prefix_dropped>foundry_prefix_dropped>exact,1.0,yes,,,
PT Serif Caption,1,google_fonts,PT Serif Caption,exact,1.0,no,,,
PT Serif with PT Serif Caption,1,google_fonts,PT Serif Caption,foundry_prefix_dropped>foundry_prefix_dropped>foundry_prefix_dropped>exact,1.0,yes,,,
Pangram Sans,1,unresolved,,unresolved,0.696,yes,,,
Pangram Sans Rounded,1,unresolved,,unresolved,0.645,yes,,,
Panton,1,unresolved,,unresolved,0.909,yes,,,
Parmigiano Text,1,unresolved,,unresolved,0.583,yes,,,
Paytone One,1,google_fonts,Paytone One,exact,1.0,no,,,
Petersburg Pro,1,unresolved,,unresolved,0.519,yes,,,
Pirata One,1,google_fonts,Pirata One,exact,1.0,no,,,
Plantin Pro,1,known_non_google,,known_non_google_variant:Monotype,1.0,no,,,
PlemolJP,1,unresolved,,unresolved,0.615,yes,,,
Pobeda,1,unresolved,,unresolved,0.667,yes,,,
Pragma ND,1,unresolved,,unresolved,0.615,yes,,,
Pragmatica Condensed Black,1,known_non_google,,weight_suffix_stripped>width_suffix_stripped>known_non_google:ParaType,1.0,no,,,
Pragmatica Extended,1,known_non_google,,width_suffix_stripped>known_non_google:ParaType,1.0,no,,,
Prata,1,google_fonts,Prata,exact,1.0,no,,,
Purista Bold,1,unresolved,,unresolved,0.667,yes,,,
RF Dewi Extended,1,unresolved,,unresolved,0.611,yes,,,
Rajdhani,1,google_fonts,Rajdhani,exact,1.0,no,,,
Red Hat Text with Red Hat Mono,1,unresolved,,unresolved,0.588,yes,,,
Reforma,1,unresolved,,unresolved,0.714,yes,,,
Reforma Grotesk,1,known_non_google,,known_non_google:Letterhead,1.0,no,,,
Reggae One,1,google_fonts,Reggae One,exact,1.0,no,,,
Requiem Text and Requiem Display,1,unresolved,,unresolved,0.537,yes,,,
Requiem Text with Requiem Display,1,unresolved,,unresolved,0.476,yes,,,
Right Grotesk,1,known_non_google,,known_non_google:Pangram Pangram,1.0,no,,,
Roboto Condensed Black,1,google_fonts,Roboto Condensed,weight_suffix_stripped>exact,1.0,no,,,
Roboto Condensed Bold,1,google_fonts,Roboto Condensed,weight_suffix_stripped>exact,1.0,no,,,
Roboto with Roboto Mono,1,google_fonts,Roboto Mono,foundry_prefix_dropped>foundry_prefix_dropped>exact,1.0,yes,,,
Roobert,1,known_non_google,,known_non_google:Displaay,1.0,no,,,
Roslindale,1,unresolved,,unresolved,0.632,yes,,,
Rounded Mplus 1c,1,google_fonts,M PLUS 1,foundry_prefix_dropped>fuzzy,0.923,yes,,,
Ruda,1,google_fonts,Ruda,exact,1.0,no,,,
Ruslan Display,1,google_fonts,Ruslan Display,exact,1.0,no,,,
SF Pro,1,known_non_google,,known_non_google:Apple,1.0,no,,,
SST,1,unresolved,,unresolved,0.75,yes,,,
STIX Two Math,1,google_fonts,STIX Two Math,exact,1.0,no,,,
SVN-Gilroy,1,unresolved,,unresolved,0.571,yes,,,
Saira Condensed Black,1,google_fonts,Saira Condensed,weight_suffix_stripped>exact,1.0,no,,,
Saira Condensed Bold,1,google_fonts,Saira Condensed,weight_suffix_stripped>exact,1.0,no,,,
Saira Semi Condensed,1,google_fonts,Saira Semi Condensed,exact,1.0,no,,,
Saira Stencil One,1,google_fonts,Saira Stencil,renamed_family,1.0,yes,approved,Reviewed by Nicole Minoza 2026-08-31; agreed with the flagging as generated,
SangBleu Republic,1,unresolved,,unresolved,0.519,yes,,,
Sangbleu Republic,1,unresolved,,unresolved,0.519,yes,,,
Sarasa Gothic J,1,unresolved,,unresolved,0.741,yes,,,
Sassoon Primary Greek,1,unresolved,,unresolved,0.519,yes,,,
Scala,1,unresolved,,unresolved,0.8,yes,,,
Schibsted Grotesk,1,google_fonts,Schibsted Grotesk,exact,1.0,no,,,
Segoe UI,1,known_non_google,,known_non_google:Microsoft,1.0,no,,,
Sentinel,1,unresolved,,unresolved,0.632,yes,,,
Sharp Grotesk,1,known_non_google,,known_non_google:Sharp Type,1.0,no,,,
Shorai Sans Heavy,1,unresolved,,unresolved,0.583,yes,,,
Shorai Sans StdN Heavy,1,unresolved,,unresolved,0.562,yes,,,
Shuei MaruGothic,1,unresolved,,unresolved,0.786,yes,,,
Shuei Mincho,1,unresolved,,unresolved,0.762,yes,,,
Shuei ShogoMincho,1,known_non_google,,known_non_google:DNP,1.0,no,,,
Signifier,1,unresolved,,unresolved,0.625,yes,,,
Sina Nova,1,unresolved,,unresolved,0.75,yes,,,
Sitka,1,unresolved,,unresolved,0.667,yes,,,
Skolar Cyrillic,1,known_non_google,,script_suffix_stripped>known_non_google:Rosetta,1.0,yes,,,
Skolar Sans Condensed,1,known_non_google,,width_suffix_stripped>known_non_google_variant:Rosetta,1.0,no,,,
Skolar Sans Cyrillic,1,known_non_google,,script_suffix_stripped>known_non_google_variant:Rosetta,1.0,yes,,,
Skolar Sans Greek,1,known_non_google,,script_suffix_stripped>known_non_google_variant:Rosetta,1.0,yes,,,
Sorts Mill Goudy,1,google_fonts,Sorts Mill Goudy,exact,1.0,no,,,
Source Han Code JP,1,unresolved,,unresolved,0.786,yes,,,
Source Han Sans JP Condensed,1,google_fonts,Noto Sans JP,width_suffix_stripped>known_alias,1.0,yes,,,
Source Han Serif Japanese,1,known_non_google,,known_non_google_variant:Adobe,1.0,no,,,
Source Sans 3 Condensed,1,google_fonts,Source Sans 3,width_suffix_stripped>exact,1.0,no,,,
Source Sans 3 and Source Code Pro,1,unresolved,,unresolved,0.65,yes,,,
Source Serif 4 Condensed,1,google_fonts,Source Serif 4,width_suffix_stripped>exact,1.0,no,,,
Source Serif 4 with Source Code Pro,1,unresolved,,unresolved,0.619,yes,,,
Sriracha,1,google_fonts,Sriracha,exact,1.0,no,,,
Stanley,1,unresolved,,unresolved,0.625,yes,approved,Reviewed by Nicole Minoza 2026-08-31; agreed with the flagging as generated,
Suez One,1,google_fonts,Suez One,exact,1.0,no,,,
Suisse Int'l Cyrillic,1,known_non_google,,script_suffix_stripped>known_non_google:Swiss Typefaces,1.0,yes,,,
Suisse Intl,1,known_non_google,,known_non_google:Swiss Typefaces,1.0,no,,,
Suisse Intl Cyrillic,1,known_non_google,,script_suffix_stripped>known_non_google:Swiss Typefaces,1.0,yes,,,
Suisse Int’l Mono,1,known_non_google,,known_non_google:Swiss Typefaces,1.0,no,,,
Syne,1,google_fonts,Syne,exact,1.0,no,,,
Söhne Schmal,1,unresolved,,unresolved,0.625,yes,,,
TBUDGothic,1,unresolved,,unresolved,0.857,yes,,,
TP Mincho Condensed,1,known_non_google,,width_suffix_stripped>known_non_google:Type Project,1.0,no,,,
TP Mincho Low Contrast Condensed,1,known_non_google,,width_suffix_stripped>known_non_google_variant:Type Project,1.0,no,,,
TP Sky Round,1,unresolved,,unresolved,0.667,yes,,,
TT Autonomous,1,unresolved,,unresolved,0.583,yes,,,
TT Commons,1,unresolved,,unresolved,0.6,yes,,,
TT Firs Neue Condensed,1,known_non_google,,width_suffix_stripped>known_non_google:TypeType,1.0,no,,,
TT Firs Neue Condensed ExtraBold,1,known_non_google,,weight_suffix_stripped>width_suffix_stripped>known_non_google:TypeType,1.0,no,,,
TT Livret,1,unresolved,,unresolved,0.571,yes,,,
TT Norms Japanese,1,unresolved,,unresolved,0.667,yes,,,
TT Octosquares,1,unresolved,,unresolved,0.621,yes,,,
TT Ramillas,1,unresolved,,unresolved,0.632,yes,,,
TT Travels,1,unresolved,,unresolved,0.533,yes,,,
Tabular Figures enabled in IBM Plex Sans,1,unresolved,,unresolved,0.489,yes,,,
Tabular Figures version of Helvetica Neue,1,unresolved,,unresolved,0.444,yes,,,
Tabular Oldstyle,1,unresolved,,unresolved,0.522,yes,,,
Tabular Oldstyle (Paratype),1,unresolved,,unresolved,0.45,yes,,,
Tazugane Gothic Condensed,1,known_non_google,,width_suffix_stripped>known_non_google:Morisawa,1.0,no,,,
Tazugane Gothic Heavy,1,known_non_google,,weight_suffix_stripped>known_non_google:Morisawa,1.0,no,,,
Tazugane Gothic StdN Heavy,1,known_non_google,,weight_suffix_stripped>known_non_google_variant:Morisawa,1.0,no,,,
Textbook New,1,unresolved,,unresolved,0.7,yes,,,
TheSerif Greek,1,unresolved,,unresolved,0.6,yes,,,
"This is not a real typeface, but Whitman is",1,unresolved,,unresolved,0.426,yes,,,
Tiempos Text Cyrillic,1,known_non_google,,script_suffix_stripped>known_non_google:Klim,1.0,yes,,,
Tipo Pèpel,1,unresolved,,unresolved,0.571,yes,,,
Titillium Web,1,google_fonts,Titillium Web,exact,1.0,no,,,
Toppan Bunkyu Mincho,1,unresolved,,unresolved,0.552,yes,,,
Trade Gothic Next Condensed,1,known_non_google,,width_suffix_stripped>known_non_google:Monotype,1.0,no,,,
Trade Gothic Next LT Pro Heavy Condensed,1,known_non_google,,width_suffix_stripped>weight_suffix_stripped>known_non_google_variant:Monotype,1.0,no,,,
Trajan Pro 3,1,unresolved,,unresolved,0.625,yes,,,
Trim Condensed,1,known_non_google,,width_suffix_stripped>known_non_google:Colophon,1.0,no,,,
TsukuARdGothic,1,unresolved,,unresolved,0.643,yes,,,
Tsukushi Antique Gothic,1,unresolved,,unresolved,0.588,yes,,,
Tsukushi Maru Gothic,1,unresolved,,unresolved,0.645,yes,,,
Tungsten Black,1,known_non_google,,weight_suffix_stripped>known_non_google:Hoefler & Co,1.0,no,,,
Tungsten Compressed,1,known_non_google,,width_suffix_stripped>known_non_google:Hoefler & Co,1.0,no,,,
Twinkl,1,unresolved,,unresolved,0.706,yes,,,
Type Project TP Sky Condensed,1,unresolved,,unresolved,0.6,yes,,,
Type Together Adelle,1,unresolved,,unresolved,0.519,yes,,,
TypeBank TBUD Maru Gothic,1,unresolved,,unresolved,0.686,yes,,,
UD Digi Kyokasho N-R,1,unresolved,,unresolved,0.483,yes,,,
UD Shin Go Condensed,1,unresolved,,unresolved,0.71,yes,,,
UD Shingo,1,unresolved,,unresolved,0.667,yes,,,
UDEV Gothic,1,unresolved,,unresolved,0.762,yes,,,LINE Seed JP / UDEV Gothic
Unbounded,1,google_fonts,Unbounded,exact,1.0,no,,,
Univers 57 Condensed,1,known_non_google,,width_suffix_stripped>known_non_google_variant:Monotype,1.0,no,,,
Univers Next Pro,1,known_non_google,,known_non_google_variant:Monotype,1.0,no,,,
Univers Next Pro 930 Extra Black Condensed,1,known_non_google,,width_suffix_stripped>weight_suffix_stripped>known_non_google_variant:Monotype,1.0,no,,,
Univers Next Pro Condensed,1,known_non_google,,width_suffix_stripped>known_non_google_variant:Monotype,1.0,no,,,
Univers Next Pro Cyrillic Condensed,1,known_non_google,,width_suffix_stripped>script_suffix_stripped>known_non_google_variant:Monotype,1.0,yes,,,
Univers Ultra Condensed,1,known_non_google,,width_suffix_stripped>known_non_google_variant:Monotype,1.0,no,,,
VAG Rounded Next,1,unresolved,,unresolved,0.609,yes,,,
Vast,1,unresolved,,unresolved,0.667,yes,,,
Whitney Condensed,1,known_non_google,,width_suffix_stripped>known_non_google:Hoefler & Co,1.0,no,,,
Whyte Inktrap,1,unresolved,,unresolved,0.556,yes,,,
William,1,unresolved,,unresolved,0.588,yes,,,
Wix Madefor Display,1,google_fonts,Wix Madefor Display,exact,1.0,no,,,Wix Madefor Text / Wix Madefor Display
Yeseva One,1,google_fonts,Yeseva One,exact,1.0,no,,,
Yu Gothic Pr6N Bold,1,known_non_google,,weight_suffix_stripped>known_non_google_variant:Jiyukobo,1.0,no,,,
Yu Mincho Pr6N,1,known_non_google,,known_non_google_variant:Jiyukobo,1.0,no,,,
Yuji Syuku,1,google_fonts,Yuji Syuku,exact,1.0,no,,,
Zen Antique,1,google_fonts,Zen Antique,exact,1.0,no,,,
Zona Pro,1,unresolved,,unresolved,0.667,yes,,,
din-2014,1,known_non_google,,known_non_google:ParaType,1.0,no,,,
e-Ukraine,1,unresolved,,unresolved,0.632,yes,,,
